id,orderId,date,timestamp,symbol,type,price,amount,total,realizedPnl,marginCoin,fee,feeCoin,leverage,invest,category
8516693,718306204,21.05.2021 18:45:21,1621611921010,TRXUSD_PERP,BUY,0.08065,10,0.8065,0,TRX,0.6199628,TRX,5,,f-classic
8518909,718389465,21.05.2021 18:58:47,1621612727070,TRXUSD_PERP,BUY,0.07951,20,1.5902000000000000,0,TRX,1.25770343,TRX,5,,f-classic
8531369,718891742,21.05.2021 20:06:24,1621616784307,TRXUSD_PERP,BUY,0.07993,10,0.7993,0,TRX,0.62554735,TRX,5,,f-classic
8538258,719325791,21.05.2021 21:26:02,1621621562802,TRXUSD_PERP,BUY,0.07798,10,0.7798000000000000,0,TRX,0.64119004,TRX,5,,f-classic
8541330,719502851,21.05.2021 22:05:47,1621623947373,TRXUSD_PERP,BUY,0.07851,1,0.07851,0,TRX,0.06368615,TRX,5,,f-classic
8541331,719502851,21.05.2021 22:05:47,1621623947373,TRXUSD_PERP,BUY,0.07851,9,0.7065900000000000,0,TRX,0.57317539,TRX,5,,f-classic
8546942,719740291,21.05.2021 22:43:42,1621626222106,TRXUSD_PERP,BUY,0.07645,10,0.7645000000000000,0,TRX,0.65402223,TRX,5,,f-classic
8549761,719886706,21.05.2021 23:07:27,1621627647713,TRXUSD_PERP,BUY,0.0765,30,2.295,0,TRX,1.96078431,TRX,5,,f-classic
8554071,720052723,21.05.2021 23:32:12,1621629132752,TRXUSD_PERP,BUY,0.07571,20,1.5142,0,TRX,1.32082948,TRX,5,,f-classic
8565922,720621814,22.05.2021 01:02:32,1621634552431,TRXUSD_PERP,BUY,0.07628,30,2.2884,0,TRX,1.96643943,TRX,5,,f-classic
8602494,723224195,22.05.2021 08:32:42,1621661562191,TRXUSD_PERP,BUY,0.07142,50,3.5710000000000000,0,TRX,3.50042005,TRX,5,,f-classic
8687337,731057798,23.05.2021 11:00:50,1621756850687,TRXUSD_PERP,BUY,0.071,50,3.55,0,TRX,0.70422535,TRX,5,,f-classic
8721371,732841517,23.05.2021 15:27:12,1621772832437,TRXUSD_PERP,BUY,0.065,30,1.9500000000000000,0,TRX,0.46153846,TRX,5,,f-classic
8738837,732861938,23.05.2021 16:33:08,1621776788931,TRXUSD_PERP,BUY,0.06,20,1.2,0,TRX,0.33333333,TRX,5,,f-classic
8919553,747579800,25.05.2021 11:58:59,1621933139719,TRXUSD_PERP,SELL,0.07676,300,23.028,2275.63721621,TRX,19.54142782,TRX,5,,f-classic
9355774,795965750,03.06.2021 11:26:29,1622708789811,TRXUSD_PERP,SELL,0.08044,50,4.022,0,TRX,3.10790651,TRX,5,,f-classic
9425003,804691148,05.06.2021 09:14:48,1622873688578,TRXUSD_PERP,BUY,0.0793,50,3.965,89.35721125,TRX,3.15258511,TRX,5,,f-classic
9472567,811901047,07.06.2021 12:49:39,1623059379435,TRXUSD_PERP,SELL,0.07758,1,0.07758,0,TRX,0.0644496,TRX,5,,f-classic
9472568,811901047,07.06.2021 12:49:39,1623059379435,TRXUSD_PERP,SELL,0.07758,39,3.02562,0,TRX,2.51353441,TRX,5,,f-classic
9472569,811901047,07.06.2021 12:49:39,1623059379435,TRXUSD_PERP,SELL,0.07756,60,4.6536,0,TRX,3.86797318,TRX,5,,f-classic
9504870,816543995,08.06.2021 10:24:22,1623137062238,TRXUSD_PERP,BUY,0.06999,2,0.13998,27.91681993,TRX,0.14287755,TRX,5,,f-classic
9504871,816543995,08.06.2021 10:24:22,1623137062238,TRXUSD_PERP,BUY,0.07,98,6.86,1365.92389083,TRX,7,TRX,5,,f-classic
192168390,13999583255,01.09.2021 20:47:11,1630518431934,ETHUSD_PERP,BUY,3721,1,3721,0,ETH,2.6E-07,ETH,3,,f-classic
192171656,13999668268,01.09.2021 20:49:29,1630518569087,ETHUSD_PERP,SELL,3721.42,1,3721.42,3E-07,ETH,0.00000134,ETH,3,,f-classic
229491818,21216855039,01.09.2021 22:31:25,1630524685605,BTCUSD_PERP,BUY,48350,500,24175000,0,BTC,0.00010341,BTC,5,,f-signal
229494146,21216860156,01.09.2021 22:33:15,1630524795572,BTCUSD_PERP,BUY,48300,57,2753100,0,BTC,0.0000118,BTC,5,,f-signal
229494147,21216860156,01.09.2021 22:33:15,1630524795572,BTCUSD_PERP,BUY,48300,243,11736900,0,BTC,0.00005031,BTC,5,,f-signal
229495397,21216867233,01.09.2021 22:33:54,1630524834285,BTCUSD_PERP,BUY,48250,200,9650000,0,BTC,0.00004145,BTC,5,,f-signal
229496149,21216869162,01.09.2021 22:34:14,1630524854836,BTCUSD_PERP,BUY,48200,49,2361800,0,BTC,0.00001016,BTC,5,,f-signal
229496155,21216869162,01.09.2021 22:34:15,1630524855737,BTCUSD_PERP,BUY,48200,29,1397800,0,BTC,0.00000601,BTC,5,,f-signal
229496156,21216869162,01.09.2021 22:34:15,1630524855737,BTCUSD_PERP,BUY,48200,122,5880400,0,BTC,0.00002531,BTC,5,,f-signal
229497542,21217019544,01.09.2021 22:35:02,1630524902032,BTCUSD_PERP,BUY,48150,200,9630000,0,BTC,0.00004153,BTC,5,,f-signal
229500861,21217037192,01.09.2021 22:36:25,1630524985676,BTCUSD_PERP,BUY,48100,14,673400,0,BTC,0.00000291,BTC,5,,f-signal
229501384,21217037192,01.09.2021 22:36:30,1630524990422,BTCUSD_PERP,BUY,48100,31,1491100,0,BTC,0.00000644,BTC,5,,f-signal
229501385,21217037192,01.09.2021 22:36:30,1630524990423,BTCUSD_PERP,BUY,48100,155,7455500,0,BTC,0.00003222,BTC,5,,f-signal
229557450,21223125855,02.09.2021 01:37:34,1630535854353,BTCUSD_PERP,SELL,48331.6,922,44561735.200000000,0.00310899,BTC,0.00095382,BTC,5,,f-signal
229557451,21223125855,02.09.2021 01:37:34,1630535854353,BTCUSD_PERP,SELL,48331.6,200,9666320,0.0006744,BTC,0.0002069,BTC,5,,f-signal
229557452,21223125855,02.09.2021 01:37:34,1630535854353,BTCUSD_PERP,SELL,48331.6,200,9666320,0.0006744,BTC,0.0002069,BTC,5,,f-signal
229557453,21223125855,02.09.2021 01:37:34,1630535854353,BTCUSD_PERP,SELL,48331.6,278,13436184.800000000,0.00093741,BTC,0.00028759,BTC,5,,f-signal
230176295,21291894784,03.09.2021 01:06:11,1630620371373,BTCUSD_PERP,BUY,49807.9,92,4582326.8,0,BTC,0.00009235,BTC,5,,f-signal
230176296,21291894784,03.09.2021 01:06:11,1630620371373,BTCUSD_PERP,BUY,49807.9,100,4980790,0,BTC,0.00010038,BTC,5,,f-signal
230176297,21291894784,03.09.2021 01:06:11,1630620371373,BTCUSD_PERP,BUY,49807.9,100,4980790,0,BTC,0.00010038,BTC,5,,f-signal
230176298,21291894784,03.09.2021 01:06:11,1630620371373,BTCUSD_PERP,BUY,49807.9,100,4980790,0,BTC,0.00010038,BTC,5,,f-signal
230176299,21291894784,03.09.2021 01:06:11,1630620371373,BTCUSD_PERP,BUY,49807.9,8,398463.2,0,BTC,0.00000803,BTC,5,,f-signal
230215495,21245146626,03.09.2021 03:34:24,1630629264101,BTCUSD_PERP,BUY,49100,128,6284800,0,BTC,0.00002606,BTC,5,,f-signal
230215496,21245146626,03.09.2021 03:34:24,1630629264101,BTCUSD_PERP,BUY,49100,5,245500,0,BTC,0.00000101,BTC,5,,f-signal
230215497,21245146626,03.09.2021 03:34:24,1630629264101,BTCUSD_PERP,BUY,49100,5,245500,0,BTC,0.00000101,BTC,5,,f-signal
230215498,21245146626,03.09.2021 03:34:24,1630629264101,BTCUSD_PERP,BUY,49100,57,2798700,0,BTC,0.0000116,BTC,5,,f-signal
230215499,21245146626,03.09.2021 03:34:24,1630629264101,BTCUSD_PERP,BUY,49100,64,3142400,0,BTC,0.00001303,BTC,5,,f-signal
230215500,21245146626,03.09.2021 03:34:24,1630629264101,BTCUSD_PERP,BUY,49100,241,11833100,0,BTC,0.00004908,BTC,5,,f-signal
230226349,21290379343,03.09.2021 03:40:39,1630629639999,BTCUSD_PERP,BUY,48900,41,2004900,0,BTC,0.00000838,BTC,5,,f-signal
230226354,21290379343,03.09.2021 03:40:40,1630629640477,BTCUSD_PERP,BUY,48900,1,48900,0,BTC,2E-07,BTC,5,,f-signal
230226356,21290379343,03.09.2021 03:40:40,1630629640967,BTCUSD_PERP,BUY,48900,150,7335000,0,BTC,0.00003067,BTC,5,,f-signal
230226357,21290379343,03.09.2021 03:40:41,1630629641096,BTCUSD_PERP,BUY,48900,8,391200,0,BTC,0.00000163,BTC,5,,f-signal
230232010,21290421301,03.09.2021 03:42:57,1630629777030,BTCUSD_PERP,BUY,48650,68,3308200,0,BTC,0.00001397,BTC,5,,f-signal
230232011,21290421301,03.09.2021 03:42:57,1630629777031,BTCUSD_PERP,BUY,48650,20,973000,0,BTC,0.00000411,BTC,5,,f-signal
230232012,21290421301,03.09.2021 03:42:57,1630629777035,BTCUSD_PERP,BUY,48650,88,4281200,0,BTC,0.00001808,BTC,5,,f-signal
230232013,21290421301,03.09.2021 03:42:57,1630629777037,BTCUSD_PERP,BUY,48650,22,1070300,0,BTC,0.00000452,BTC,5,,f-signal
230232014,21290421301,03.09.2021 03:42:57,1630629777045,BTCUSD_PERP,BUY,48650,20,973000,0,BTC,0.00000411,BTC,5,,f-signal
230232015,21290421301,03.09.2021 03:42:57,1630629777049,BTCUSD_PERP,BUY,48650,82,3989300,0,BTC,0.00001685,BTC,5,,f-signal
230538351,21348813572,03.09.2021 13:55:51,1630666551978,BTCUSD_PERP,SELL,49777.4,59,2936866.6,0.00145567,BTC,0.00005926,BTC,5,,f-signal
230538352,21348813572,03.09.2021 13:55:51,1630666551978,BTCUSD_PERP,SELL,49777.4,100,4977740,0.00246725,BTC,0.00010044,BTC,5,,f-signal
230538353,21348813572,03.09.2021 13:55:51,1630666551978,BTCUSD_PERP,SELL,49777.4,98,4878185.2,0.0024179,BTC,0.00009843,BTC,5,,f-signal
230538354,21348813572,03.09.2021 13:55:51,1630666551978,BTCUSD_PERP,SELL,49777.4,30,1493322,0.00074017,BTC,0.00003013,BTC,5,,f-signal
230538355,21348813572,03.09.2021 13:55:51,1630666551978,BTCUSD_PERP,SELL,49777.4,63,3135976.2,0.00155436,BTC,0.00006328,BTC,5,,f-signal
230660554,21358831758,03.09.2021 15:48:03,1630673283625,BTCUSD_PERP,SELL,50869.9,130,6613087,0.00881625,BTC,0.00012777,BTC,5,,f-signal
230692253,21362381844,03.09.2021 16:30:28,1630675828175,BTCUSD_PERP,SELL,50806.2,92,4674170.400000000,0.00601244,BTC,0.00009054,BTC,5,,f-signal
230870457,21389129396,03.09.2021 22:38:59,1630697939493,BTCUSD_PERP,BUY,50499.2,300,15149760,0,BTC,0.00029703,BTC,5,,f-signal
230900586,21396556103,04.09.2021 00:33:08,1630704788888,BTCUSD_PERP,SELL,50155.7,80,4012456,0.0020501,BTC,0.00007975,BTC,5,,f-signal
230900587,21396556103,04.09.2021 00:33:08,1630704788888,BTCUSD_PERP,SELL,50155.7,40,2006228,0.00102505,BTC,0.00003987,BTC,5,,f-signal
230900588,21396556103,04.09.2021 00:33:08,1630704788888,BTCUSD_PERP,SELL,50155.7,157,7874444.900000000,0.00402333,BTC,0.00015651,BTC,5,,f-signal
230900589,21396556103,04.09.2021 00:33:08,1630704788888,BTCUSD_PERP,SELL,50155.7,10,501557,0.00025626,BTC,0.00000996,BTC,5,,f-signal
230900590,21396556103,04.09.2021 00:33:08,1630704788888,BTCUSD_PERP,SELL,50155.7,125,6269462.5,0.00320329,BTC,0.00012461,BTC,5,,f-signal
230900591,21396556103,04.09.2021 00:33:08,1630704788888,BTCUSD_PERP,SELL,50155.2,120,6018624,0.00307277,BTC,0.00011962,BTC,5,,f-signal
230900592,21396556103,04.09.2021 00:33:08,1630704788888,BTCUSD_PERP,SELL,50155,5,250775,0.00012799,BTC,0.00000498,BTC,5,,f-signal
230900593,21396556103,04.09.2021 00:33:08,1630704788888,BTCUSD_PERP,SELL,50154.8,1,50154.8,0.00002559,BTC,9.9E-07,BTC,5,,f-signal
230900594,21396556103,04.09.2021 00:33:08,1630704788888,BTCUSD_PERP,SELL,50154.8,126,6319504.800000000,0.00322441,BTC,0.00012561,BTC,5,,f-signal
230900595,21396556103,04.09.2021 00:33:08,1630704788888,BTCUSD_PERP,SELL,50154.2,5,250771,0.00012783,BTC,0.00000498,BTC,5,,f-signal
230900596,21396556103,04.09.2021 00:33:08,1630704788888,BTCUSD_PERP,SELL,50154.2,176,8827139.2,0.00449974,BTC,0.00017545,BTC,5,,f-signal
230900597,21396556103,04.09.2021 00:33:08,1630704788888,BTCUSD_PERP,SELL,50152.1,80,4012168,0.00203865,BTC,0.00007975,BTC,5,,f-signal
230900598,21396556103,04.09.2021 00:33:08,1630704788888,BTCUSD_PERP,SELL,50152.1,40,2006084,0.00101932,BTC,0.00003987,BTC,5,,f-signal
230900599,21396556103,04.09.2021 00:33:08,1630704788888,BTCUSD_PERP,SELL,50152,4,200608,0.00010191,BTC,0.00000398,BTC,5,,f-signal
230900600,21396556103,04.09.2021 00:33:08,1630704788888,BTCUSD_PERP,SELL,50151.5,100,5015150,0.00254593,BTC,0.00009969,BTC,5,,f-signal
230900601,21396556103,04.09.2021 00:33:08,1630704788888,BTCUSD_PERP,SELL,50151.4,1,50151.4,0.00002545,BTC,9.9E-07,BTC,5,,f-signal
230900602,21396556103,04.09.2021 00:33:08,1630704788888,BTCUSD_PERP,SELL,50151.1,58,2908763.8,0.00147572,BTC,0.00005782,BTC,5,,f-signal
231245163,21447554541,04.09.2021 17:57:30,1630767450097,BTCUSD_PERP,BUY,50021,500,25010500,0,BTC,0.00049979,BTC,5,,f-signal
231247707,21447878369,04.09.2021 18:07:57,1630768077236,BTCUSD_PERP,BUY,50158.7,500,25079350,0,BTC,0.00049841,BTC,5,,f-signal
231252527,21448180116,04.09.2021 18:14:27,1630768467082,BTCUSD_PERP,BUY,49997.9,1,49997.9,0,BTC,0.000001,BTC,5,,f-signal
231292545,21455219433,04.09.2021 20:07:25,1630775245998,BTCUSD_PERP,BUY,49776.5,200,9955300,0,BTC,0.00020089,BTC,5,,f-signal
231319428,21457285785,04.09.2021 20:29:32,1630776572514,BTCUSD_PERP,BUY,49609.6,150,7441440,0,BTC,0.00015118,BTC,5,,f-signal
231525907,21506953302,05.09.2021 08:46:49,1630820809303,BTCUSD_PERP,BUY,49740,49,2437260,0,BTC,0.00000985,BTC,5,,f-signal
231527685,21507535181,05.09.2021 08:54:40,1630821280273,BTCUSD_PERP,BUY,49731.8,100,4973180,0,BTC,0.00010053,BTC,5,,f-signal
231610627,21527553534,05.09.2021 13:59:08,1630839548320,BTCUSD_PERP,SELL,50052.3,45,2252353.5,0.00015896,BTC,0.00004495,BTC,5,,f-signal
231610628,21527553534,05.09.2021 13:59:08,1630839548320,BTCUSD_PERP,SELL,50052.3,200,10010460,0.00070649,BTC,0.00019979,BTC,5,,f-signal
231610629,21527553534,05.09.2021 13:59:08,1630839548320,BTCUSD_PERP,SELL,50052.3,303,15165846.9,0.00107034,BTC,0.00030268,BTC,5,,f-signal
231610630,21527553534,05.09.2021 13:59:08,1630839548320,BTCUSD_PERP,SELL,50052.3,76,3803974.8000000000,0.00026846,BTC,0.00007592,BTC,5,,f-signal
231610631,21527553534,05.09.2021 13:59:08,1630839548320,BTCUSD_PERP,SELL,50052.3,260,13013598,0.00091844,BTC,0.00025972,BTC,5,,f-signal
231610632,21527553534,05.09.2021 13:59:08,1630839548320,BTCUSD_PERP,SELL,50052.3,400,20020920,0.00141299,BTC,0.00039958,BTC,5,,f-signal
231610633,21527553534,05.09.2021 13:59:08,1630839548320,BTCUSD_PERP,SELL,50052.3,100,5005230,0.00035324,BTC,0.00009989,BTC,5,,f-signal
231610634,21527553534,05.09.2021 13:59:08,1630839548320,BTCUSD_PERP,SELL,50052.3,116,5806066.800000000,0.00040976,BTC,0.00011587,BTC,5,,f-signal
231626329,21529374939,05.09.2021 14:23:13,1630840993820,BTCUSD_PERP,SELL,50243.9,176,8842926.4,0,BTC,0.00017514,BTC,5,,f-signal
231626330,21529374939,05.09.2021 14:23:13,1630840993820,BTCUSD_PERP,SELL,50243.9,99,4974146.100000000,0,BTC,0.00009851,BTC,5,,f-signal
231626331,21529374939,05.09.2021 14:23:13,1630840993820,BTCUSD_PERP,SELL,50243.9,149,7486341.100000000,0,BTC,0.00014827,BTC,5,,f-signal
231626332,21529374939,05.09.2021 14:23:13,1630840993820,BTCUSD_PERP,SELL,50243.9,76,3818536.4,0,BTC,0.00007563,BTC,5,,f-signal
231633065,21529735431,05.09.2021 14:26:02,1630841162329,BTCUSD_PERP,SELL,49958.3,213,10641117.9,0,BTC,0.00021317,BTC,5,,f-signal
231633066,21529735431,05.09.2021 14:26:02,1630841162329,BTCUSD_PERP,SELL,49958.3,45,2248123.5,0,BTC,0.00004503,BTC,5,,f-signal
231633067,21529735431,05.09.2021 14:26:02,1630841162329,BTCUSD_PERP,SELL,49958.3,242,12089908.600000000,0,BTC,0.0002422,BTC,5,,f-signal
231649979,21529904770,05.09.2021 15:00:13,1630843213916,BTCUSD_PERP,SELL,50300,176,8852800,0,BTC,0.00003499,BTC,5,,f-signal
231649980,21529904770,05.09.2021 15:00:13,1630843213949,BTCUSD_PERP,SELL,50300,100,5030000,0,BTC,0.00001988,BTC,5,,f-signal
231649981,21529904770,05.09.2021 15:00:13,1630843213971,BTCUSD_PERP,SELL,50300,16,804800,0,BTC,0.00000318,BTC,5,,f-signal
231649982,21529904770,05.09.2021 15:00:13,1630843213987,BTCUSD_PERP,SELL,50300,58,2917400,0,BTC,0.00001153,BTC,5,,f-signal
231697161,21542753579,05.09.2021 17:32:04,1630852324033,BTCUSD_PERP,BUY,50528.1,1350,68212935,-0.02002477,BTC,0.00133589,BTC,5,,f-signal
231803337,21564857115,05.09.2021 23:20:03,1630873203777,BTCUSD_PERP,BUY,50832.9,500,25416450,0,BTC,0.0004918,BTC,5,,f-signal
232085856,21621851728,06.09.2021 14:23:13,1630927393269,BTCUSD_PERP,SELL,51769.1,56,2899069.6,0.00199223,BTC,0.00005408,BTC,5,,f-signal
232085857,21621851728,06.09.2021 14:23:13,1630927393269,BTCUSD_PERP,SELL,51769.1,100,5176910,0.00355756,BTC,0.00009658,BTC,5,,f-signal
232085858,21621851728,06.09.2021 14:23:13,1630927393269,BTCUSD_PERP,SELL,51769.1,46,2381378.6,0.00163648,BTC,0.00004442,BTC,5,,f-signal
232085859,21621851728,06.09.2021 14:23:13,1630927393269,BTCUSD_PERP,SELL,51769.1,260,13459966,0.00924967,BTC,0.00025111,BTC,5,,f-signal
232085860,21621851728,06.09.2021 14:23:13,1630927393269,BTCUSD_PERP,SELL,51769.1,38,1967225.8,0.00135187,BTC,0.0000367,BTC,5,,f-signal
232087145,21622011953,06.09.2021 14:25:21,1630927521317,BTCUSD_PERP,SELL,51717.3,10,517173,0,BTC,0.00000966,BTC,5,,f-signal
232087146,21622011953,06.09.2021 14:25:21,1630927521317,BTCUSD_PERP,SELL,51717.3,10,517173,0,BTC,0.00000966,BTC,5,,f-signal
232087147,21622011953,06.09.2021 14:25:21,1630927521317,BTCUSD_PERP,SELL,51717.3,128,6619814.4,0,BTC,0.00012374,BTC,5,,f-signal
232087148,21622011953,06.09.2021 14:25:21,1630927521317,BTCUSD_PERP,SELL,51717.3,52,2689299.6,0,BTC,0.00005027,BTC,5,,f-signal
232089400,21622214834,06.09.2021 14:28:23,1630927703323,BTCUSD_PERP,SELL,51800,126,6526800,0,BTC,0.00002432,BTC,5,,f-signal
232089401,21622214834,06.09.2021 14:28:23,1630927703380,BTCUSD_PERP,SELL,51800,74,3833200,0,BTC,0.00001428,BTC,5,,f-signal
232191797,21633337379,06.09.2021 17:21:54,1630938114106,BTCUSD_PERP,BUY,51750,400,20700000,0.00012868,BTC,0.00038647,BTC,5,,f-signal
232210594,21638725964,06.09.2021 18:43:49,1630943029164,BTCUSD_PERP,SELL,51700,200,10340000,0,BTC,0.00003868,BTC,5,,f-signal
232243333,21638731667,06.09.2021 21:36:50,1630953410177,BTCUSD_PERP,SELL,51800,200,10360000,0,BTC,0.00003861,BTC,5,,f-signal
232247973,21638737529,06.09.2021 21:56:42,1630954602931,BTCUSD_PERP,SELL,51900,200,10380000,0,BTC,0.00003853,BTC,5,,f-signal
232252203,21638743545,06.09.2021 22:06:39,1630955199479,BTCUSD_PERP,SELL,52000,143,7436000,0,BTC,0.0000275,BTC,5,,f-signal
232252215,21638743545,06.09.2021 22:06:39,1630955199495,BTCUSD_PERP,SELL,52000,57,2964000,0,BTC,0.00001096,BTC,5,,f-signal
232297894,21661778286,07.09.2021 00:43:47,1630964627182,BTCUSD_PERP,BUY,52160.5,800,41728400,-0.00919179,BTC,0.00076686,BTC,5,,f-signal
232668110,21712621929,07.09.2021 12:14:56,1631006096023,BTCUSD_PERP,BUY,51333.7,400,20533480,0,BTC,0.00007792,BTC,5,,f-signal
232681385,21714166078,07.09.2021 12:40:00,1631007600641,BTCUSD_PERP,BUY,51200,200,10240000,0,BTC,0.00003906,BTC,5,,f-signal
232720868,21715699866,07.09.2021 12:51:06,1631008266424,BTCUSD_PERP,BUY,50887.8,200,10177560,0,BTC,0.00019651,BTC,5,,f-signal
232825691,21732743661,07.09.2021 16:35:06,1631021706074,BTCUSD_PERP,BUY,51028.1,200,10205620,0,BTC,0.00019597,BTC,5,,f-signal
232862547,21736246478,07.09.2021 17:14:58,1631024098765,BTCUSD_PERP,BUY,50518.5,149,7527256.5,0,BTC,0.00014747,BTC,5,,f-signal
232862548,21736246478,07.09.2021 17:14:58,1631024098765,BTCUSD_PERP,BUY,50518.5,51,2576443.5,0,BTC,0.00005047,BTC,5,,f-signal
232866565,21736391322,07.09.2021 17:16:20,1631024180494,BTCUSD_PERP,BUY,50351,200,10070200,0,BTC,0.00003972,BTC,5,,f-signal
233169041,21741530916,07.09.2021 18:05:14,1631027114591,BTCUSD_PERP,BUY,47646.8,122,5812909.600000000,0,BTC,0.00012802,BTC,5,,f-signal
233169042,21741530916,07.09.2021 18:05:14,1631027114591,BTCUSD_PERP,BUY,47647.6,78,3716512.8,0,BTC,0.00008185,BTC,5,,f-signal
239708947,22538003448,15.09.2021 19:03:27,1631721807775,BTCUSD_PERP,SELL,48369.3,344,16639039.200000000,-0.0301477,BTC,0.00035559,BTC,5,,f-signal
239708948,22538003448,15.09.2021 19:03:27,1631721807775,BTCUSD_PERP,SELL,48369.3,100,4836930,-0.00876386,BTC,0.00010337,BTC,5,,f-signal
239708949,22538003448,15.09.2021 19:03:27,1631721807775,BTCUSD_PERP,SELL,48368.5,2,96737,-0.00017534,BTC,0.00000206,BTC,5,,f-signal
239708950,22538003448,15.09.2021 19:03:27,1631721807775,BTCUSD_PERP,SELL,48368.1,34,1644515.4,-0.00298145,BTC,0.00003514,BTC,5,,f-signal
239708951,22538003448,15.09.2021 19:03:27,1631721807775,BTCUSD_PERP,SELL,48367.4,60,2902044,-0.00526319,BTC,0.00006202,BTC,5,,f-signal
239708952,22538003448,15.09.2021 19:03:27,1631721807775,BTCUSD_PERP,SELL,48367.3,3,145101.90000000000,-0.00026317,BTC,0.0000031,BTC,5,,f-signal
239708953,22538003448,15.09.2021 19:03:27,1631721807775,BTCUSD_PERP,SELL,48367.1,40,1934684,-0.0035093,BTC,0.00004135,BTC,5,,f-signal
239708954,22538003448,15.09.2021 19:03:27,1631721807775,BTCUSD_PERP,SELL,48366.9,10,483669,-0.00087741,BTC,0.00001033,BTC,5,,f-signal
239708955,22538003448,15.09.2021 19:03:27,1631721807775,BTCUSD_PERP,SELL,48365.1,4,193460.4,-0.00035127,BTC,0.00000413,BTC,5,,f-signal
239708956,22538003448,15.09.2021 19:03:27,1631721807775,BTCUSD_PERP,SELL,48363.8,40,1934552,-0.00351495,BTC,0.00004135,BTC,5,,f-signal
239708957,22538003448,15.09.2021 19:03:27,1631721807775,BTCUSD_PERP,SELL,48363.7,2,96727.4,-0.00017575,BTC,0.00000206,BTC,5,,f-signal
239708958,22538003448,15.09.2021 19:03:27,1631721807775,BTCUSD_PERP,SELL,48362.5,1,48362.5,-0.00008792,BTC,0.00000103,BTC,5,,f-signal
239708959,22538003448,15.09.2021 19:03:27,1631721807775,BTCUSD_PERP,SELL,48362.2,210,10156062,-0.01846786,BTC,0.00021711,BTC,5,,f-signal
239708960,22538003448,15.09.2021 19:03:27,1631721807775,BTCUSD_PERP,SELL,48362,110,5319820,-0.00967458,BTC,0.00011372,BTC,5,,f-signal
239708961,22538003448,15.09.2021 19:03:27,1631721807775,BTCUSD_PERP,SELL,48361.9,10,483619,-0.00087955,BTC,0.00001033,BTC,5,,f-signal
239708962,22538003448,15.09.2021 19:03:27,1631721807775,BTCUSD_PERP,SELL,48360.8,40,1934432,-0.00352008,BTC,0.00004135,BTC,5,,f-signal
239708963,22538003448,15.09.2021 19:03:27,1631721807775,BTCUSD_PERP,SELL,48360.7,16,773771.2,-0.0014081,BTC,0.00001654,BTC,5,,f-signal
239708964,22538003448,15.09.2021 19:03:27,1631721807775,BTCUSD_PERP,SELL,48360.5,40,1934420,-0.00352059,BTC,0.00004135,BTC,5,,f-signal
239708965,22538003448,15.09.2021 19:03:27,1631721807775,BTCUSD_PERP,SELL,48360.3,4,193441.2,-0.00035209,BTC,0.00000413,BTC,5,,f-signal
239708966,22538003448,15.09.2021 19:03:27,1631721807775,BTCUSD_PERP,SELL,48359.6,17,822113.2,-0.0014969,BTC,0.00001757,BTC,5,,f-signal
239708967,22538003448,15.09.2021 19:03:27,1631721807775,BTCUSD_PERP,SELL,48359.6,100,4835960,-0.00880533,BTC,0.00010339,BTC,5,,f-signal
239708968,22538003448,15.09.2021 19:03:27,1631721807776,BTCUSD_PERP,SELL,48359.2,3,145077.60000000000,-0.00026421,BTC,0.0000031,BTC,5,,f-signal
239708969,22538003448,15.09.2021 19:03:27,1631721807776,BTCUSD_PERP,SELL,48358.8,210,10155348,-0.01849839,BTC,0.00021712,BTC,5,,f-signal
239708970,22538003448,15.09.2021 19:03:27,1631721807776,BTCUSD_PERP,SELL,48358.8,2,96717.6,-0.00017617,BTC,0.00000206,BTC,5,,f-signal
239708971,22538003448,15.09.2021 19:03:27,1631721807776,BTCUSD_PERP,SELL,48358.8,50,2417940,-0.00440437,BTC,0.00005169,BTC,5,,f-signal
239708972,22538003448,15.09.2021 19:03:27,1631721807776,BTCUSD_PERP,SELL,48358.7,84,4062130.8,-0.00739971,BTC,0.00008685,BTC,5,,f-signal
239708973,22538003448,15.09.2021 19:03:27,1631721807776,BTCUSD_PERP,SELL,48358.6,64,3094950.4,-0.00563815,BTC,0.00006617,BTC,5,,f-signal
204480718,15124538410,16.09.2021 17:16:25,1631801785216,ETHUSD_PERP,BUY,3557.89,864,3074016.96,0,ETH,0.0012142,ETH,3,,f-classic
204480719,15124538410,16.09.2021 17:16:25,1631801785216,ETHUSD_PERP,BUY,3557.89,500,1778945,0,ETH,0.00070266,ETH,3,,f-classic
204480720,15124538410,16.09.2021 17:16:25,1631801785216,ETHUSD_PERP,BUY,3557.89,354,1259493.06,0,ETH,0.00049748,ETH,3,,f-classic
204480721,15124538410,16.09.2021 17:16:25,1631801785216,ETHUSD_PERP,BUY,3557.89,296,1053135.44,0,ETH,0.00041597,ETH,3,,f-classic
204480722,15124538410,16.09.2021 17:16:25,1631801785216,ETHUSD_PERP,BUY,3557.89,500,1778945,0,ETH,0.00070266,ETH,3,,f-classic
204480723,15124538410,16.09.2021 17:16:25,1631801785216,ETHUSD_PERP,BUY,3557.89,102,362904.78000000000,0,ETH,0.00014334,ETH,3,,f-classic
204480724,15124538410,16.09.2021 17:16:25,1631801785216,ETHUSD_PERP,BUY,3557.89,61,217031.29000000000,0,ETH,0.00008572,ETH,3,,f-classic
204480725,15124538410,16.09.2021 17:16:25,1631801785216,ETHUSD_PERP,BUY,3557.89,250,889472.5,0,ETH,0.00035133,ETH,3,,f-classic
204480726,15124538410,16.09.2021 17:16:25,1631801785216,ETHUSD_PERP,BUY,3557.89,400,1423156,0,ETH,0.00056213,ETH,3,,f-classic
204480727,15124538410,16.09.2021 17:16:25,1631801785216,ETHUSD_PERP,BUY,3557.89,400,1423156,0,ETH,0.00056213,ETH,3,,f-classic
204480728,15124538410,16.09.2021 17:16:25,1631801785216,ETHUSD_PERP,BUY,3558.01,1273,4529346.73,0,ETH,0.00178892,ETH,3,,f-classic
204736492,15148308439,17.09.2021 00:00:19,1631826019068,ETHUSD_PERP,BUY,3494.66,1,3494.66,0,ETH,0.00000143,ETH,3,,f-classic
204736493,15148308439,17.09.2021 00:00:19,1631826019068,ETHUSD_PERP,BUY,3494.66,1,3494.66,0,ETH,0.00000143,ETH,3,,f-classic
204736494,15148308439,17.09.2021 00:00:19,1631826019068,ETHUSD_PERP,BUY,3494.66,1,3494.66,0,ETH,0.00000143,ETH,3,,f-classic
204736495,15148308439,17.09.2021 00:00:19,1631826019068,ETHUSD_PERP,BUY,3494.66,1,3494.66,0,ETH,0.00000143,ETH,3,,f-classic
204736496,15148308439,17.09.2021 00:00:19,1631826019068,ETHUSD_PERP,BUY,3494.66,400,1397864,0,ETH,0.0005723,ETH,3,,f-classic
204736497,15148308439,17.09.2021 00:00:19,1631826019068,ETHUSD_PERP,BUY,3494.77,596,2082882.92,0,ETH,0.0008527,ETH,3,,f-classic
204974870,15185976996,17.09.2021 10:54:34,1631865274963,ETHUSD_PERP,BUY,3534.37,932,3294032.84,0,ETH,0.00131848,ETH,3,,f-classic
204974871,15185976996,17.09.2021 10:54:34,1631865274963,ETHUSD_PERP,BUY,3534.37,1000,3534370,0,ETH,0.00141467,ETH,3,,f-classic
204974872,15185976996,17.09.2021 10:54:34,1631865274963,ETHUSD_PERP,BUY,3534.37,68,240337.16,0,ETH,0.00009619,ETH,3,,f-classic
204991006,15187595574,17.09.2021 11:14:13,1631866453570,ETHUSD_PERP,BUY,3530.71,300,1059213,0,ETH,0.00042484,ETH,3,,f-classic
204992733,15188026765,17.09.2021 11:20:38,1631866838451,ETHUSD_PERP,BUY,3527.6,23,81134.8,0,ETH,0.0000326,ETH,3,,f-classic
204992734,15188026765,17.09.2021 11:20:38,1631866838451,ETHUSD_PERP,BUY,3527.6,72,253987.20000000000,0,ETH,0.00010205,ETH,3,,f-classic
204992735,15188026765,17.09.2021 11:20:38,1631866838451,ETHUSD_PERP,BUY,3527.6,105,370398,0,ETH,0.00014882,ETH,3,,f-classic
205010982,15192034761,17.09.2021 12:18:38,1631870318972,ETHUSD_PERP,BUY,3513.73,500,1756865,0,ETH,0.00071149,ETH,3,,f-classic
205039094,15195779795,17.09.2021 13:22:12,1631874132720,ETHUSD_PERP,BUY,3495.92,500,1747960,0,ETH,0.00071511,ETH,3,,f-classic
205059102,15196599874,17.09.2021 13:29:39,1631874579836,ETHUSD_PERP,BUY,3472.37,500,1736185,0,ETH,0.00071996,ETH,3,,f-classic
205291957,15225374972,17.09.2021 19:17:35,1631895455219,ETHUSD_PERP,BUY,3449.35,71,244903.85,0,ETH,0.00010291,ETH,3,,f-classic
205291958,15225374972,17.09.2021 19:17:35,1631895455219,ETHUSD_PERP,BUY,3449.35,129,444966.15000000000,0,ETH,0.00018699,ETH,3,,f-classic
205339863,15232895521,17.09.2021 21:04:43,1631901883392,ETHUSD_PERP,BUY,3400,300,1020000,0,ETH,0.00008823,ETH,3,,f-classic
205358041,15234202866,17.09.2021 21:11:43,1631902303230,ETHUSD_PERP,BUY,3389,500,1694500,0,ETH,0.00073768,ETH,3,,f-classic
205474456,15241469336,18.09.2021 00:37:55,1631914675925,ETHUSD_PERP,BUY,3378.06,200,675612,0,ETH,0.0000592,ETH,3,,f-classic
205742814,15276259830,18.09.2021 09:48:48,1631947728763,ETHUSD_PERP,BUY,3502.45,300,1050735,0,ETH,0.00042827,ETH,3,,f-classic
205743552,15276535785,18.09.2021 09:53:18,1631947998784,ETHUSD_PERP,BUY,3505.59,218,764218.62,0,ETH,0.00031093,ETH,3,,f-classic
205743553,15276535785,18.09.2021 09:53:18,1631947998784,ETHUSD_PERP,BUY,3505.59,282,988576.38,0,ETH,0.00040221,ETH,3,,f-classic
205829036,15295749227,18.09.2021 14:27:15,1631964435647,ETHUSD_PERP,SELL,3526.28,469,1653825.32,0.00255474,ETH,0.000665,ETH,3,,f-classic
205829037,15295749227,18.09.2021 14:27:15,1631964435647,ETHUSD_PERP,SELL,3526.28,250,881570,0.0013618,ETH,0.00035448,ETH,3,,f-classic
205829038,15295749227,18.09.2021 14:27:15,1631964435647,ETHUSD_PERP,SELL,3526.28,2000,7052560,0.01089442,ETH,0.00283584,ETH,3,,f-classic
205829039,15295749227,18.09.2021 14:27:15,1631964435647,ETHUSD_PERP,SELL,3526.28,281,990884.68,0.00153066,ETH,0.00039843,ETH,3,,f-classic
205985101,15321443825,18.09.2021 20:07:31,1631984851664,ETHUSD_PERP,BUY,3440.68,200,688136,0,ETH,0.00029064,ETH,3,,f-classic
205985626,15321501410,18.09.2021 20:08:15,1631984895355,ETHUSD_PERP,BUY,3442.38,300,1032714,0,ETH,0.00043574,ETH,3,,f-classic
205991109,15322126617,18.09.2021 20:15:59,1631985359854,ETHUSD_PERP,BUY,3434.61,2,6869.22,0,ETH,0.00000291,ETH,3,,f-classic
205991110,15322126617,18.09.2021 20:15:59,1631985359854,ETHUSD_PERP,BUY,3434.61,1,3434.61,0,ETH,0.00000145,ETH,3,,f-classic
205991111,15322126617,18.09.2021 20:15:59,1631985359854,ETHUSD_PERP,BUY,3434.61,1,3434.61,0,ETH,0.00000145,ETH,3,,f-classic
205991112,15322126617,18.09.2021 20:15:59,1631985359854,ETHUSD_PERP,BUY,3434.61,1,3434.61,0,ETH,0.00000145,ETH,3,,f-classic
205991113,15322126617,18.09.2021 20:15:59,1631985359854,ETHUSD_PERP,BUY,3434.61,195,669748.9500000000,0,ETH,0.00028387,ETH,3,,f-classic
206037340,15331787779,18.09.2021 22:30:05,1631993405075,ETHUSD_PERP,BUY,3429.13,22,75440.86,0,ETH,0.00003207,ETH,3,,f-classic
206037341,15331787779,18.09.2021 22:30:05,1631993405075,ETHUSD_PERP,BUY,3429.13,22,75440.86,0,ETH,0.00003207,ETH,3,,f-classic
206037342,15331787779,18.09.2021 22:30:05,1631993405075,ETHUSD_PERP,BUY,3429.13,22,75440.86,0,ETH,0.00003207,ETH,3,,f-classic
206037343,15331787779,18.09.2021 22:30:05,1631993405075,ETHUSD_PERP,BUY,3429.13,22,75440.86,0,ETH,0.00003207,ETH,3,,f-classic
206037344,15331787779,18.09.2021 22:30:05,1631993405075,ETHUSD_PERP,BUY,3429.13,22,75440.86,0,ETH,0.00003207,ETH,3,,f-classic
206037345,15331787779,18.09.2021 22:30:05,1631993405075,ETHUSD_PERP,BUY,3429.13,90,308621.7,0,ETH,0.00013122,ETH,3,,f-classic
206064481,15334926129,18.09.2021 23:13:08,1631995988493,ETHUSD_PERP,BUY,3399.69,200,679938,0,ETH,0.00029414,ETH,3,,f-classic
206081379,15335609081,18.09.2021 23:26:21,1631996781705,ETHUSD_PERP,BUY,3381.79,200,676358,0,ETH,0.0002957,ETH,3,,f-classic
206110588,15337997652,19.09.2021 00:57:21,1632002241044,ETHUSD_PERP,BUY,3388.71,200,677742,0,ETH,0.00029509,ETH,3,,f-classic
206458184,15393375724,19.09.2021 15:13:22,1632053602600,ETHUSD_PERP,BUY,3325.83,145,482245.35,0,ETH,0.00004359,ETH,3,,f-classic
206458185,15393375724,19.09.2021 15:13:22,1632053602604,ETHUSD_PERP,BUY,3325.83,55,182920.65,0,ETH,0.00001653,ETH,3,,f-classic
206458828,15393464229,19.09.2021 15:14:12,1632053652415,ETHUSD_PERP,BUY,3330.42,228,759335.76,0,ETH,0.00034229,ETH,3,,f-classic
206458829,15393464229,19.09.2021 15:14:12,1632053652415,ETHUSD_PERP,BUY,3330.42,2,6660.84,0,ETH,0.000003,ETH,3,,f-classic
206458830,15393464229,19.09.2021 15:14:12,1632053652415,ETHUSD_PERP,BUY,3330.42,270,899213.4,0,ETH,0.00040535,ETH,3,,f-classic
206496717,15399646296,19.09.2021 16:34:39,1632058479914,ETHUSD_PERP,BUY,3344.6,191,638818.6,0,ETH,0.00028553,ETH,3,,f-classic
206496718,15399646296,19.09.2021 16:34:39,1632058479914,ETHUSD_PERP,BUY,3344.6,109,364561.40000000000,0,ETH,0.00016294,ETH,3,,f-classic
206518198,15404231173,19.09.2021 17:42:28,1632062548034,ETHUSD_PERP,BUY,3359.38,200,671876,0,ETH,0.00005953,ETH,3,,f-classic
206532764,15407869487,19.09.2021 18:28:52,1632065332326,ETHUSD_PERP,BUY,3355.12,200,671024,0,ETH,0.00029805,ETH,3,,f-classic
206533385,15408039983,19.09.2021 18:32:03,1632065523565,ETHUSD_PERP,BUY,3355.11,100,335511,0,ETH,0.0000298,ETH,3,,f-classic
206574767,15416640962,19.09.2021 20:42:09,1632073329047,ETHUSD_PERP,BUY,3337.89,200,667578,0,ETH,0.00029959,ETH,3,,f-classic
206633128,15421370462,19.09.2021 23:50:26,1632084626875,ETHUSD_PERP,BUY,3361.42,300,1008426,0,ETH,0.00008924,ETH,3,,f-classic
241955787,23078382197,20.09.2021 10:15:17,1632122117826,BTCUSD_PERP,BUY,45606.8,91,4150218.8000000000,0,BTC,0.00009976,BTC,5,,f-signal
241955788,23078382197,20.09.2021 10:15:17,1632122117826,BTCUSD_PERP,BUY,45606.8,100,4560680,0,BTC,0.00010963,BTC,5,,f-signal
241955789,23078382197,20.09.2021 10:15:17,1632122117826,BTCUSD_PERP,BUY,45606.8,100,4560680,0,BTC,0.00010963,BTC,5,,f-signal
241955790,23078382197,20.09.2021 10:15:17,1632122117826,BTCUSD_PERP,BUY,45606.8,100,4560680,0,BTC,0.00010963,BTC,5,,f-signal
241955791,23078382197,20.09.2021 10:15:17,1632122117826,BTCUSD_PERP,BUY,45606.8,109,4971141.2,0,BTC,0.00011949,BTC,5,,f-signal
241965781,23080317649,20.09.2021 10:29:44,1632122984294,BTCUSD_PERP,BUY,45391.7,200,9078340,0,BTC,0.00004406,BTC,5,,f-signal
242511523,23117338504,20.09.2021 16:23:25,1632144205974,BTCUSD_PERP,BUY,43670.4,1,43670.4,0,BTC,0.00000114,BTC,5,,f-signal
242511524,23117338504,20.09.2021 16:23:25,1632144205974,BTCUSD_PERP,BUY,43670.4,6,262022.40000000000,0,BTC,0.00000686,BTC,5,,f-signal
242511525,23117338504,20.09.2021 16:23:25,1632144205974,BTCUSD_PERP,BUY,43670.5,40,1746820,0,BTC,0.00004579,BTC,5,,f-signal
242511526,23117338504,20.09.2021 16:23:25,1632144205974,BTCUSD_PERP,BUY,43672.4,5,218362,0,BTC,0.00000572,BTC,5,,f-signal
242511527,23117338504,20.09.2021 16:23:25,1632144205974,BTCUSD_PERP,BUY,43672.6,148,6463544.8,0,BTC,0.00016944,BTC,5,,f-signal
242559472,23123608116,20.09.2021 17:08:18,1632146898045,BTCUSD_PERP,BUY,44047.9,300,13214370,0,BTC,0.00034053,BTC,5,,f-signal
242718103,23157794465,20.09.2021 21:29:33,1632162573210,BTCUSD_PERP,BUY,43608.1,46,2005972.6000000000,0,BTC,0.00005274,BTC,5,,f-signal
242718104,23157794465,20.09.2021 21:29:33,1632162573210,BTCUSD_PERP,BUY,43608.3,54,2354848.2,0,BTC,0.00006191,BTC,5,,f-signal
242718685,23157843777,20.09.2021 21:30:21,1632162621597,BTCUSD_PERP,BUY,43600,100,4360000,0,BTC,0.00002293,BTC,5,,f-signal
244279885,23360782748,22.09.2021 00:02:22,1632258142281,BTCUSD_PERP,BUY,40764.2,95,3872599.0000000000,0,BTC,0.00011652,BTC,5,,f-signal
244279886,23360782748,22.09.2021 00:02:22,1632258142281,BTCUSD_PERP,BUY,40764.2,11,448406.20000000000,0,BTC,0.00001349,BTC,5,,f-signal
244279887,23360782748,22.09.2021 00:02:22,1632258142281,BTCUSD_PERP,BUY,40764.2,94,3831834.8,0,BTC,0.00011529,BTC,5,,f-signal
246271080,23723564895,23.09.2021 21:24:10,1632421450196,BTCUSD_PERP,SELL,44555.3,139,6193186.7,0.00297355,BTC,0.00015598,BTC,5,,f-signal
246271081,23723564895,23.09.2021 21:24:10,1632421450196,BTCUSD_PERP,SELL,44555.3,250,11138825,0.00534811,BTC,0.00028055,BTC,5,,f-signal
246271082,23723564895,23.09.2021 21:24:10,1632421450196,BTCUSD_PERP,SELL,44555.3,411,18312228.3,0.0087923,BTC,0.00046122,BTC,5,,f-signal
246459337,23723641011,24.09.2021 07:12:13,1632456733223,BTCUSD_PERP,SELL,44138.6,92,4060751.2000000000,0.00001874,BTC,0.00010421,BTC,5,,f-signal
246459338,23723641011,24.09.2021 07:12:13,1632456733223,BTCUSD_PERP,SELL,44138.1,7,308966.7,0.00000124,BTC,0.00000792,BTC,5,,f-signal
246459339,23723641011,24.09.2021 07:12:13,1632456733223,BTCUSD_PERP,SELL,44137.9,4,176551.6,6.7E-07,BTC,0.00000453,BTC,5,,f-signal
246459340,23723641011,24.09.2021 07:12:13,1632456733223,BTCUSD_PERP,SELL,44137.9,98,4325514.2,0.00001644,BTC,0.00011101,BTC,5,,f-signal
246459341,23723641011,24.09.2021 07:12:13,1632456733223,BTCUSD_PERP,SELL,44136.8,76,3354396.8000000000,0.00000845,BTC,0.00008609,BTC,5,,f-signal
246459342,23723641011,24.09.2021 07:12:13,1632456733223,BTCUSD_PERP,SELL,44136.3,100,4413630,0.00000856,BTC,0.00011328,BTC,5,,f-signal
246459343,23723641011,24.09.2021 07:12:13,1632456733223,BTCUSD_PERP,SELL,44135.5,2,88271,8E-08,BTC,0.00000226,BTC,5,,f-signal
246459344,23723641011,24.09.2021 07:12:13,1632456733223,BTCUSD_PERP,SELL,44135.1,30,1324053,7.2E-07,BTC,0.00003398,BTC,5,,f-signal
246459345,23723641011,24.09.2021 07:12:13,1632456733223,BTCUSD_PERP,SELL,44135,391,17256785,0.00000738,BTC,0.00044295,BTC,5,,f-signal
246894110,23834196979,24.09.2021 13:45:32,1632480332557,BTCUSD_PERP,BUY,42160.5,100,4216050,0,BTC,0.00011859,BTC,5,,f-signal
246894111,23834196979,24.09.2021 13:45:32,1632480332557,BTCUSD_PERP,BUY,42160.5,99,4173889.5,0,BTC,0.0001174,BTC,5,,f-signal
246894112,23834196979,24.09.2021 13:45:32,1632480332557,BTCUSD_PERP,BUY,42160.5,1,42160.5,0,BTC,0.00000118,BTC,5,,f-signal
246898837,23834289243,24.09.2021 13:48:45,1632480525591,BTCUSD_PERP,BUY,42150,12,505800,0,BTC,0.00000284,BTC,5,,f-signal
246898838,23834289243,24.09.2021 13:48:45,1632480525592,BTCUSD_PERP,BUY,42150,50,2107500,0,BTC,0.00001186,BTC,5,,f-signal
246898839,23834289243,24.09.2021 13:48:45,1632480525595,BTCUSD_PERP,BUY,42150,138,5816700,0,BTC,0.00003274,BTC,5,,f-signal
246899342,23834380161,24.09.2021 13:48:47,1632480527747,BTCUSD_PERP,BUY,42100,100,4210000,0,BTC,0.00002375,BTC,5,,f-signal
246930005,23835991834,24.09.2021 14:03:25,1632481405056,BTCUSD_PERP,BUY,42000,100,4200000,0,BTC,0.0000238,BTC,5,,f-signal
246962789,23838684489,24.09.2021 14:10:50,1632481850547,BTCUSD_PERP,SELL,41500,497,20625500,-0.0176308,BTC,0.00059879,BTC,5,,f-signal
246962790,23838684489,24.09.2021 14:10:50,1632481850547,BTCUSD_PERP,SELL,41500,30,1245000,-0.00106423,BTC,0.00003614,BTC,5,,f-signal
246962791,23838684489,24.09.2021 14:10:50,1632481850547,BTCUSD_PERP,SELL,41500,1,41500,-0.00003547,BTC,0.0000012,BTC,5,,f-signal
246962792,23838684489,24.09.2021 14:10:50,1632481850547,BTCUSD_PERP,SELL,41500,10,415000,-0.00035474,BTC,0.00001204,BTC,5,,f-signal
246962793,23838684489,24.09.2021 14:10:50,1632481850547,BTCUSD_PERP,SELL,41500,1,41500,-0.00003547,BTC,0.0000012,BTC,5,,f-signal
246962794,23838684489,24.09.2021 14:10:50,1632481850547,BTCUSD_PERP,SELL,41500,25,1037500,-0.00088686,BTC,0.00003012,BTC,5,,f-signal
246962795,23838684489,24.09.2021 14:10:50,1632481850547,BTCUSD_PERP,SELL,41500,36,1494000,-0.00127708,BTC,0.00004337,BTC,5,,f-signal
246977752,23839182956,24.09.2021 14:12:49,1632481969004,BTCUSD_PERP,BUY,41260.8,1,41260.8,0,BTC,0.00000121,BTC,5,,f-signal
246977753,23839182956,24.09.2021 14:12:49,1632481969004,BTCUSD_PERP,BUY,41262.2,1,41262.2,0,BTC,0.00000121,BTC,5,,f-signal
246977754,23839182956,24.09.2021 14:12:49,1632481969004,BTCUSD_PERP,BUY,41262.8,100,4126280.0000000000,0,BTC,0.00012117,BTC,5,,f-signal
246977755,23839182956,24.09.2021 14:12:49,1632481969004,BTCUSD_PERP,BUY,41262.9,185,7633636.5,0,BTC,0.00022417,BTC,5,,f-signal
246977756,23839182956,24.09.2021 14:12:49,1632481969004,BTCUSD_PERP,BUY,41263.2,1,41263.2,0,BTC,0.00000121,BTC,5,,f-signal
246977757,23839182956,24.09.2021 14:12:49,1632481969004,BTCUSD_PERP,BUY,41263.3,1,41263.3,0,BTC,0.00000121,BTC,5,,f-signal
246977758,23839182956,24.09.2021 14:12:49,1632481969004,BTCUSD_PERP,BUY,41264.3,127,5240566.100000000,0,BTC,0.00015388,BTC,5,,f-signal
246977759,23839182956,24.09.2021 14:12:49,1632481969004,BTCUSD_PERP,BUY,41265.2,24,990364.8000000000,0,BTC,0.00002908,BTC,5,,f-signal
246977760,23839182956,24.09.2021 14:12:49,1632481969004,BTCUSD_PERP,BUY,41265.4,60,2475924,0,BTC,0.0000727,BTC,5,,f-signal
247000673,23839287509,24.09.2021 14:17:49,1632482269364,BTCUSD_PERP,BUY,41000,200,8200000,0,BTC,0.00004878,BTC,5,,f-signal
212614381,15960488308,24.09.2021 14:25:36,1632482736603,ETHUSD_PERP,BUY,2792.88,100,279288,0,ETH,0.00017902,ETH,3,,f-classic
247057002,23841896967,24.09.2021 14:34:52,1632483292099,BTCUSD_PERP,SELL,41186,61,2512346,-0.00000708,BTC,0.00007405,BTC,5,,f-signal
247057003,23841896967,24.09.2021 14:34:52,1632483292099,BTCUSD_PERP,SELL,41186,10,411860,-0.00000116,BTC,0.00001214,BTC,5,,f-signal
247057004,23841896967,24.09.2021 14:34:52,1632483292099,BTCUSD_PERP,SELL,41186,10,411860,-0.00000116,BTC,0.00001214,BTC,5,,f-signal
247057005,23841896967,24.09.2021 14:34:52,1632483292099,BTCUSD_PERP,SELL,41185.7,25,1029642.5000000000,-0.00000334,BTC,0.00003035,BTC,5,,f-signal
247057006,23841896967,24.09.2021 14:34:52,1632483292099,BTCUSD_PERP,SELL,41185.7,200,8237140.000000000,-0.00002676,BTC,0.0002428,BTC,5,,f-signal
247057007,23841896967,24.09.2021 14:34:52,1632483292099,BTCUSD_PERP,SELL,41185.3,200,8237060.000000000,-0.00003148,BTC,0.0002428,BTC,5,,f-signal
247057008,23841896967,24.09.2021 14:34:52,1632483292099,BTCUSD_PERP,SELL,41185,194,7989890,-0.00003396,BTC,0.00023552,BTC,5,,f-signal
247064725,23843905664,24.09.2021 14:37:39,1632483459978,BTCUSD_PERP,BUY,41125.1,100,4112510,0,BTC,0.00012158,BTC,5,,f-signal
247064726,23843905664,24.09.2021 14:37:39,1632483459978,BTCUSD_PERP,BUY,41127.1,35,1439448.5,0,BTC,0.00004255,BTC,5,,f-signal
247064727,23843905664,24.09.2021 14:37:39,1632483459978,BTCUSD_PERP,BUY,41127.2,1,41127.2,0,BTC,0.00000121,BTC,5,,f-signal
247064728,23843905664,24.09.2021 14:37:39,1632483459978,BTCUSD_PERP,BUY,41127.4,24,987057.6000000000,0,BTC,0.00002917,BTC,5,,f-signal
247064729,23843905664,24.09.2021 14:37:39,1632483459978,BTCUSD_PERP,BUY,41127.9,1,41127.9,0,BTC,0.00000121,BTC,5,,f-signal
247064730,23843905664,24.09.2021 14:37:39,1632483459978,BTCUSD_PERP,BUY,41128.8,1,41128.8,0,BTC,0.00000121,BTC,5,,f-signal
247064731,23843905664,24.09.2021 14:37:39,1632483459978,BTCUSD_PERP,BUY,41128.9,33,1357253.7,0,BTC,0.00004011,BTC,5,,f-signal
247064732,23843905664,24.09.2021 14:37:39,1632483459978,BTCUSD_PERP,BUY,41129.1,1,41129.1,0,BTC,0.00000121,BTC,5,,f-signal
247064733,23843905664,24.09.2021 14:37:39,1632483459978,BTCUSD_PERP,BUY,41130.3,24,987127.2000000000,0,BTC,0.00002917,BTC,5,,f-signal
247064734,23843905664,24.09.2021 14:37:39,1632483459978,BTCUSD_PERP,BUY,41130.4,1,41130.4,0,BTC,0.00000121,BTC,5,,f-signal
247064735,23843905664,24.09.2021 14:37:39,1632483459978,BTCUSD_PERP,BUY,41130.5,145,5963922.5,0,BTC,0.00017626,BTC,5,,f-signal
247064736,23843905664,24.09.2021 14:37:39,1632483459978,BTCUSD_PERP,BUY,41130.9,134,5511540.600000000,0,BTC,0.00016289,BTC,5,,f-signal
247066842,23843983005,24.09.2021 14:38:08,1632483488735,BTCUSD_PERP,BUY,41000,200,8200000,0,BTC,0.00004878,BTC,5,,f-signal
247123384,23846637594,24.09.2021 15:09:47,1632485387427,BTCUSD_PERP,SELL,41099.3,1,41099.3,4.2E-07,BTC,0.00000121,BTC,5,,f-signal
247123385,23846637594,24.09.2021 15:09:47,1632485387427,BTCUSD_PERP,SELL,41097.9,100,4109790,0.00003455,BTC,0.00012166,BTC,5,,f-signal
247123386,23846637594,24.09.2021 15:09:47,1632485387427,BTCUSD_PERP,SELL,41097.2,24,986332.8000000000,0.00000729,BTC,0.00002919,BTC,5,,f-signal
247123387,23846637594,24.09.2021 15:09:47,1632485387427,BTCUSD_PERP,SELL,41097.1,202,8301614.200000000,0.00006022,BTC,0.00024575,BTC,5,,f-signal
247123388,23846637594,24.09.2021 15:09:47,1632485387427,BTCUSD_PERP,SELL,41097,373,15329181,0.000109,BTC,0.0004538,BTC,5,,f-signal
212859712,15970087108,24.09.2021 16:51:39,1632491499269,ETHUSD_PERP,BUY,2849.24,100,284924,0,ETH,0.00017548,ETH,3,,f-classic
248013405,24012953166,25.09.2021 15:16:05,1632572165065,BTCUSD_PERP,BUY,42400,252,10684800,0,BTC,0.00005943,BTC,5,,f-signal
248013406,24012953166,25.09.2021 15:16:05,1632572165202,BTCUSD_PERP,BUY,42400,2,84800,0,BTC,4.7E-07,BTC,5,,f-signal
248013443,24012953166,25.09.2021 15:16:07,1632572167364,BTCUSD_PERP,BUY,42400,9,381600,0,BTC,0.00000212,BTC,5,,f-signal
248013562,24012953166,25.09.2021 15:16:29,1632572189056,BTCUSD_PERP,BUY,42400,1,42400,0,BTC,2.3E-07,BTC,5,,f-signal
248013563,24012953166,25.09.2021 15:16:29,1632572189229,BTCUSD_PERP,BUY,42400,236,10006400,0,BTC,0.00005566,BTC,5,,f-signal
248030382,24012977301,25.09.2021 16:01:00,1632574860358,BTCUSD_PERP,BUY,42300,9,380700,0,BTC,0.00000212,BTC,5,,f-signal
248030383,24012977301,25.09.2021 16:01:00,1632574860360,BTCUSD_PERP,BUY,42300,12,507600,0,BTC,0.00000283,BTC,5,,f-signal
248030384,24012977301,25.09.2021 16:01:00,1632574860375,BTCUSD_PERP,BUY,42300,20,846000,0,BTC,0.00000472,BTC,5,,f-signal
248030385,24012977301,25.09.2021 16:01:00,1632574860377,BTCUSD_PERP,BUY,42300,5,211500,0,BTC,0.00000118,BTC,5,,f-signal
248030386,24012977301,25.09.2021 16:01:00,1632574860377,BTCUSD_PERP,BUY,42300,3,126900,0,BTC,7E-07,BTC,5,,f-signal
248030387,24012977301,25.09.2021 16:01:00,1632574860379,BTCUSD_PERP,BUY,42300,5,211500,0,BTC,0.00000118,BTC,5,,f-signal
248030388,24012977301,25.09.2021 16:01:00,1632574860388,BTCUSD_PERP,BUY,42300,5,211500,0,BTC,0.00000118,BTC,5,,f-signal
248030389,24012977301,25.09.2021 16:01:00,1632574860395,BTCUSD_PERP,BUY,42300,14,592200,0,BTC,0.0000033,BTC,5,,f-signal
248030390,24012977301,25.09.2021 16:01:00,1632574860537,BTCUSD_PERP,BUY,42300,11,465300,0,BTC,0.0000026,BTC,5,,f-signal
248030391,24012977301,25.09.2021 16:01:00,1632574860713,BTCUSD_PERP,BUY,42300,7,296100,0,BTC,0.00000165,BTC,5,,f-signal
248030392,24012977301,25.09.2021 16:01:00,1632574860991,BTCUSD_PERP,BUY,42300,138,5837400,0,BTC,0.00003262,BTC,5,,f-signal
248030393,24012977301,25.09.2021 16:01:01,1632574861037,BTCUSD_PERP,BUY,42300,271,11463300,0,BTC,0.00006406,BTC,5,,f-signal
248271938,24074242466,26.09.2021 03:55:01,1632617701009,BTCUSD_PERP,SELL,42349.7,26,1101092.2,-3.4E-07,BTC,0.00003069,BTC,5,,f-signal
248271939,24074242466,26.09.2021 03:55:01,1632617701009,BTCUSD_PERP,SELL,42349.5,67,2837416.5,-0.00000164,BTC,0.0000791,BTC,5,,f-signal
248271940,24074242466,26.09.2021 03:55:01,1632617701009,BTCUSD_PERP,SELL,42349.2,2,84698.4,-8E-08,BTC,0.00000236,BTC,5,,f-signal
248271941,24074242466,26.09.2021 03:55:01,1632617701009,BTCUSD_PERP,SELL,42349,1,42349,-5E-08,BTC,0.00000118,BTC,5,,f-signal
248271942,24074242466,26.09.2021 03:55:01,1632617701009,BTCUSD_PERP,SELL,42348.3,191,8088525.300000000,-0.00001747,BTC,0.00022551,BTC,5,,f-signal
248271943,24074242466,26.09.2021 03:55:01,1632617701009,BTCUSD_PERP,SELL,42347.1,74,3133685.4,-0.00001172,BTC,0.00008737,BTC,5,,f-signal
248271944,24074242466,26.09.2021 03:55:01,1632617701009,BTCUSD_PERP,SELL,42347.1,4,169388.4,-6.3E-07,BTC,0.00000472,BTC,5,,f-signal
248271945,24074242466,26.09.2021 03:55:01,1632617701009,BTCUSD_PERP,SELL,42347.1,100,4234710,-0.00001584,BTC,0.00011807,BTC,5,,f-signal
248271946,24074242466,26.09.2021 03:55:01,1632617701009,BTCUSD_PERP,SELL,42345.8,44,1863215.2000000000,-0.00001015,BTC,0.00005195,BTC,5,,f-signal
248271947,24074242466,26.09.2021 03:55:01,1632617701009,BTCUSD_PERP,SELL,42345.6,30,1270368,-0.00000726,BTC,0.00003542,BTC,5,,f-signal
248271948,24074242466,26.09.2021 03:55:01,1632617701009,BTCUSD_PERP,SELL,42345.3,82,3472314.6,-0.00002122,BTC,0.00009682,BTC,5,,f-signal
248271949,24074242466,26.09.2021 03:55:01,1632617701009,BTCUSD_PERP,SELL,42345.2,67,2837128.4,-0.00001771,BTC,0.00007911,BTC,5,,f-signal
248271950,24074242466,26.09.2021 03:55:01,1632617701009,BTCUSD_PERP,SELL,42345.1,5,211725.5,-0.00000134,BTC,0.0000059,BTC,5,,f-signal
248271951,24074242466,26.09.2021 03:55:01,1632617701009,BTCUSD_PERP,SELL,42345.1,40,1693804,-0.00001079,BTC,0.00004723,BTC,5,,f-signal
248271952,24074242466,26.09.2021 03:55:01,1632617701009,BTCUSD_PERP,SELL,42345,2,84690,-5.5E-07,BTC,0.00000236,BTC,5,,f-signal
248271953,24074242466,26.09.2021 03:55:01,1632617701009,BTCUSD_PERP,SELL,42344.9,2,84689.8,-5.6E-07,BTC,0.00000236,BTC,5,,f-signal
248271954,24074242466,26.09.2021 03:55:01,1632617701009,BTCUSD_PERP,SELL,42344.8,120,5081376,-0.0000344,BTC,0.00014169,BTC,5,,f-signal
248271955,24074242466,26.09.2021 03:55:01,1632617701009,BTCUSD_PERP,SELL,42344,65,2752360,-0.00002153,BTC,0.00007675,BTC,5,,f-signal
248271956,24074242466,26.09.2021 03:55:01,1632617701009,BTCUSD_PERP,SELL,42343.8,78,3302816.4000000000,-0.00002671,BTC,0.0000921,BTC,5,,f-signal
248442800,24096767258,26.09.2021 10:48:31,1632642511313,BTCUSD_PERP,BUY,41064,22,903408,0,BTC,0.00002678,BTC,5,,f-signal
248442801,24096767258,26.09.2021 10:48:31,1632642511313,BTCUSD_PERP,BUY,41064,20,821280,0,BTC,0.00002435,BTC,5,,f-signal
248442802,24096767258,26.09.2021 10:48:31,1632642511313,BTCUSD_PERP,BUY,41064,50,2053200,0,BTC,0.00006088,BTC,5,,f-signal
248442803,24096767258,26.09.2021 10:48:31,1632642511313,BTCUSD_PERP,BUY,41064,100,4106400,0,BTC,0.00012176,BTC,5,,f-signal
248442804,24096767258,26.09.2021 10:48:31,1632642511313,BTCUSD_PERP,BUY,41064,75,3079800,0,BTC,0.00009132,BTC,5,,f-signal
248442805,24096767258,26.09.2021 10:48:31,1632642511313,BTCUSD_PERP,BUY,41064,133,5461512,0,BTC,0.00016194,BTC,5,,f-signal
248444783,24096864093,26.09.2021 10:49:56,1632642596391,BTCUSD_PERP,BUY,41000,200,8200000,0,BTC,0.00004878,BTC,5,,f-signal
249341930,24234058028,27.09.2021 18:12:40,1632755560179,BTCUSD_PERP,SELL,43050,10,430500,0.00113609,BTC,0.00001161,BTC,5,,f-signal
249341931,24234058028,27.09.2021 18:12:40,1632755560179,BTCUSD_PERP,SELL,43050,1,43050,0.0001136,BTC,0.00000116,BTC,5,,f-signal
249341932,24234058028,27.09.2021 18:12:40,1632755560179,BTCUSD_PERP,SELL,43050,10,430500,0.00113609,BTC,0.00001161,BTC,5,,f-signal
249341933,24234058028,27.09.2021 18:12:40,1632755560179,BTCUSD_PERP,SELL,43050,20,861000,0.00227219,BTC,0.00002322,BTC,5,,f-signal
249341934,24234058028,27.09.2021 18:12:40,1632755560179,BTCUSD_PERP,SELL,43050,107,4606350,0.01215624,BTC,0.00012427,BTC,5,,f-signal
249341935,24234058028,27.09.2021 18:12:40,1632755560179,BTCUSD_PERP,SELL,43050,10,430500,0.00113609,BTC,0.00001161,BTC,5,,f-signal
249341936,24234058028,27.09.2021 18:12:40,1632755560179,BTCUSD_PERP,SELL,43049.7,1,43049.7,0.00011359,BTC,0.00000116,BTC,5,,f-signal
249341937,24234058028,27.09.2021 18:12:40,1632755560179,BTCUSD_PERP,SELL,43049.7,20,860994,0.00227187,BTC,0.00002322,BTC,5,,f-signal
249341938,24234058028,27.09.2021 18:12:40,1632755560179,BTCUSD_PERP,SELL,43049.4,89,3831396.6,0.01010839,BTC,0.00010336,BTC,5,,f-signal
249341939,24234058028,27.09.2021 18:12:40,1632755560179,BTCUSD_PERP,SELL,43049.3,215,9255599.5,0.02441798,BTC,0.00024971,BTC,5,,f-signal
249341940,24234058028,27.09.2021 18:12:40,1632755560179,BTCUSD_PERP,SELL,43049.2,30,1291476,0.00340699,BTC,0.00003484,BTC,5,,f-signal
249341941,24234058028,27.09.2021 18:12:40,1632755560179,BTCUSD_PERP,SELL,43048.7,1,43048.7,0.00011353,BTC,0.00000116,BTC,5,,f-signal
249341942,24234058028,27.09.2021 18:12:40,1632755560179,BTCUSD_PERP,SELL,43048,10,430480,0.00113501,BTC,0.00001161,BTC,5,,f-signal
249341943,24234058028,27.09.2021 18:12:40,1632755560179,BTCUSD_PERP,SELL,43048,10,430480,0.00113501,BTC,0.00001161,BTC,5,,f-signal
249341944,24234058028,27.09.2021 18:12:40,1632755560179,BTCUSD_PERP,SELL,43047.9,1,43047.9,0.00011349,BTC,0.00000116,BTC,5,,f-signal
249341945,24234058028,27.09.2021 18:12:40,1632755560179,BTCUSD_PERP,SELL,43047.8,5,215239,0.00056745,BTC,0.0000058,BTC,5,,f-signal
249341946,24234058028,27.09.2021 18:12:40,1632755560179,BTCUSD_PERP,SELL,43047.3,60,2582838,0.00680784,BTC,0.00006969,BTC,5,,f-signal
249824710,24406078747,28.09.2021 13:27:49,1632824869892,BTCUSD_PERP,BUY,41727.8,30,1251834,0,BTC,0.00003594,BTC,5,,f-signal
249824711,24406078747,28.09.2021 13:27:49,1632824869892,BTCUSD_PERP,BUY,41727.8,210,8762838,0,BTC,0.00025163,BTC,5,,f-signal
249824712,24406078747,28.09.2021 13:27:49,1632824869892,BTCUSD_PERP,BUY,41727.8,30,1251834,0,BTC,0.00003594,BTC,5,,f-signal
249824713,24406078747,28.09.2021 13:27:49,1632824869892,BTCUSD_PERP,BUY,41727.8,30,1251834,0,BTC,0.00003594,BTC,5,,f-signal
249825668,24406237045,28.09.2021 13:28:54,1632824934597,BTCUSD_PERP,BUY,41700,19,792300,0,BTC,0.00000455,BTC,5,,f-signal
249825669,24406237045,28.09.2021 13:28:54,1632824934599,BTCUSD_PERP,BUY,41700,12,500400,0,BTC,0.00000287,BTC,5,,f-signal
249825670,24406237045,28.09.2021 13:28:54,1632824934600,BTCUSD_PERP,BUY,41700,40,1668000,0,BTC,0.00000959,BTC,5,,f-signal
249825671,24406237045,28.09.2021 13:28:54,1632824934601,BTCUSD_PERP,BUY,41700,20,834000,0,BTC,0.00000479,BTC,5,,f-signal
249825672,24406237045,28.09.2021 13:28:54,1632824934603,BTCUSD_PERP,BUY,41700,50,2085000,0,BTC,0.00001199,BTC,5,,f-signal
249825673,24406237045,28.09.2021 13:28:54,1632824934604,BTCUSD_PERP,BUY,41700,30,1251000,0,BTC,0.00000719,BTC,5,,f-signal
249825674,24406237045,28.09.2021 13:28:54,1632824934720,BTCUSD_PERP,BUY,41700,12,500400,0,BTC,0.00000287,BTC,5,,f-signal
249825675,24406237045,28.09.2021 13:28:54,1632824934722,BTCUSD_PERP,BUY,41700,12,500400,0,BTC,0.00000287,BTC,5,,f-signal
249825676,24406237045,28.09.2021 13:28:54,1632824934724,BTCUSD_PERP,BUY,41700,5,208500,0,BTC,0.00000119,BTC,5,,f-signal
249882927,24426445650,28.09.2021 16:00:08,1632834008175,BTCUSD_PERP,SELL,41820.1,9,376380.90000000000,0.00005335,BTC,0.00001076,BTC,5,,f-signal
249882928,24426445650,28.09.2021 16:00:08,1632834008175,BTCUSD_PERP,SELL,41820.1,5,209100.5,0.00002964,BTC,0.00000597,BTC,5,,f-signal
249882929,24426445650,28.09.2021 16:00:08,1632834008175,BTCUSD_PERP,SELL,41820.1,1,41820.1,0.00000592,BTC,0.00000119,BTC,5,,f-signal
249882930,24426445650,28.09.2021 16:00:08,1632834008176,BTCUSD_PERP,SELL,41820.1,235,9827723.5,0.00139314,BTC,0.00028096,BTC,5,,f-signal
249882931,24426445650,28.09.2021 16:00:08,1632834008176,BTCUSD_PERP,SELL,41820.1,100,4182010,0.00059282,BTC,0.00011955,BTC,5,,f-signal
249882932,24426445650,28.09.2021 16:00:08,1632834008176,BTCUSD_PERP,SELL,41820.1,3,125460.30000000000,0.00001778,BTC,0.00000358,BTC,5,,f-signal
249882933,24426445650,28.09.2021 16:00:08,1632834008176,BTCUSD_PERP,SELL,41820.1,147,6147554.7,0.00087145,BTC,0.00017575,BTC,5,,f-signal
250196491,24479877637,29.09.2021 00:12:29,1632863549334,BTCUSD_PERP,BUY,41840.2,1,41840.2,0,BTC,0.00000119,BTC,5,,f-signal
250196492,24479877637,29.09.2021 00:12:29,1632863549334,BTCUSD_PERP,BUY,41840.2,27,1129685.4,0,BTC,0.00003226,BTC,5,,f-signal
250196493,24479877637,29.09.2021 00:12:29,1632863549334,BTCUSD_PERP,BUY,41840.2,27,1129685.4,0,BTC,0.00003226,BTC,5,,f-signal
250196494,24479877637,29.09.2021 00:12:29,1632863549335,BTCUSD_PERP,BUY,41840.2,54,2259370.8,0,BTC,0.00006453,BTC,5,,f-signal
250196495,24479877637,29.09.2021 00:12:29,1632863549335,BTCUSD_PERP,BUY,41840.2,91,3807458.2000000000,0,BTC,0.00010874,BTC,5,,f-signal
250210433,24481865604,29.09.2021 01:27:38,1632868058980,BTCUSD_PERP,BUY,41666.3,100,4166630.0000000000,0,BTC,0.00012,BTC,5,,f-signal
250433314,24530669576,29.09.2021 08:40:43,1632894043542,BTCUSD_PERP,BUY,42097.3,100,4209730,0,BTC,0.00011877,BTC,5,,f-signal
250433315,24530669576,29.09.2021 08:40:43,1632894043542,BTCUSD_PERP,BUY,42097.3,100,4209730,0,BTC,0.00011877,BTC,5,,f-signal
250547250,24569821447,29.09.2021 15:39:19,1632919159321,BTCUSD_PERP,SELL,41905.9,13,544776.7000000000,-0.00000125,BTC,0.00001551,BTC,5,,f-signal
250547251,24569821447,29.09.2021 15:39:19,1632919159321,BTCUSD_PERP,SELL,41905.8,1,41905.8,-1E-07,BTC,0.00000119,BTC,5,,f-signal
250547252,24569821447,29.09.2021 15:39:19,1632919159321,BTCUSD_PERP,SELL,41904.8,42,1760001.6,-0.00000668,BTC,0.00005011,BTC,5,,f-signal
250547253,24569821447,29.09.2021 15:39:19,1632919159321,BTCUSD_PERP,SELL,41903.9,2,83807.8,-4.2E-07,BTC,0.00000238,BTC,5,,f-signal
250547254,24569821447,29.09.2021 15:39:19,1632919159321,BTCUSD_PERP,SELL,41903.6,2,83807.2,-4.5E-07,BTC,0.00000238,BTC,5,,f-signal
250547255,24569821447,29.09.2021 15:39:19,1632919159321,BTCUSD_PERP,SELL,41903.5,1,41903.5,-2.3E-07,BTC,0.00000119,BTC,5,,f-signal
250547256,24569821447,29.09.2021 15:39:19,1632919159321,BTCUSD_PERP,SELL,41901.9,38,1592272.2,-0.00001232,BTC,0.00004534,BTC,5,,f-signal
250547257,24569821447,29.09.2021 15:39:19,1632919159321,BTCUSD_PERP,SELL,41901.7,28,1173247.6000000000,-0.0000094,BTC,0.00003341,BTC,5,,f-signal
250547258,24569821447,29.09.2021 15:39:19,1632919159321,BTCUSD_PERP,SELL,41901.3,1,41901.3,-3.5E-07,BTC,0.00000119,BTC,5,,f-signal
250547259,24569821447,29.09.2021 15:39:19,1632919159321,BTCUSD_PERP,SELL,41900.7,82,3435857.4,-0.00003219,BTC,0.00009785,BTC,5,,f-signal
250547260,24569821447,29.09.2021 15:39:19,1632919159321,BTCUSD_PERP,SELL,41900.6,42,1759825.2,-0.00001673,BTC,0.00005011,BTC,5,,f-signal
250547261,24569821447,29.09.2021 15:39:19,1632919159321,BTCUSD_PERP,SELL,41900.3,1,41900.3,-4.1E-07,BTC,0.00000119,BTC,5,,f-signal
250547262,24569821447,29.09.2021 15:39:19,1632919159321,BTCUSD_PERP,SELL,41900.1,16,670401.6,-0.00000682,BTC,0.00001909,BTC,5,,f-signal
250547263,24569821447,29.09.2021 15:39:19,1632919159321,BTCUSD_PERP,SELL,41900,106,4441400,-0.00004584,BTC,0.00012649,BTC,5,,f-signal
250547264,24569821447,29.09.2021 15:39:19,1632919159321,BTCUSD_PERP,SELL,41900,29,1215100,-0.00001254,BTC,0.0000346,BTC,5,,f-signal
250547265,24569821447,29.09.2021 15:39:19,1632919159321,BTCUSD_PERP,SELL,41900,6,251400,-0.00000259,BTC,0.00000715,BTC,5,,f-signal
250547266,24569821447,29.09.2021 15:39:19,1632919159321,BTCUSD_PERP,SELL,41900,1,41900,-4.3E-07,BTC,0.00000119,BTC,5,,f-signal
250547267,24569821447,29.09.2021 15:39:19,1632919159321,BTCUSD_PERP,SELL,41900,3,125700,-0.00000129,BTC,0.00000357,BTC,5,,f-signal
250547268,24569821447,29.09.2021 15:39:19,1632919159321,BTCUSD_PERP,SELL,41900,60,2514000,-0.00002595,BTC,0.00007159,BTC,5,,f-signal
250547269,24569821447,29.09.2021 15:39:19,1632919159321,BTCUSD_PERP,SELL,41900,8,335200,-0.00000346,BTC,0.00000954,BTC,5,,f-signal
250547270,24569821447,29.09.2021 15:39:19,1632919159321,BTCUSD_PERP,SELL,41900,1,41900,-4.3E-07,BTC,0.00000119,BTC,5,,f-signal
250547271,24569821447,29.09.2021 15:39:19,1632919159321,BTCUSD_PERP,SELL,41900,6,251400,-0.00000259,BTC,0.00000715,BTC,5,,f-signal
250547272,24569821447,29.09.2021 15:39:19,1632919159321,BTCUSD_PERP,SELL,41900,5,209500,-0.00000216,BTC,0.00000596,BTC,5,,f-signal
250547273,24569821447,29.09.2021 15:39:19,1632919159321,BTCUSD_PERP,SELL,41900,6,251400,-0.00000259,BTC,0.00000715,BTC,5,,f-signal
250614264,24579799390,29.09.2021 18:32:54,1632929574959,BTCUSD_PERP,BUY,41986.6,300,12595980,0,BTC,0.00007145,BTC,5,,f-signal
250617931,24593196761,29.09.2021 18:36:16,1632929776403,BTCUSD_PERP,BUY,41900.4,100,4190040,0,BTC,0.00011933,BTC,5,,f-signal
250618776,24593337204,29.09.2021 18:37:13,1632929833888,BTCUSD_PERP,BUY,41860.1,10,418601,0,BTC,0.00001194,BTC,5,,f-signal
250618858,24593367585,29.09.2021 18:37:27,1632929847196,BTCUSD_PERP,BUY,41856.1,20,837122,0,BTC,0.00002389,BTC,5,,f-signal
250629107,24593511523,29.09.2021 18:42:56,1632930176991,BTCUSD_PERP,SELL,41800,5,209000,-0.00004489,BTC,0.00000119,BTC,5,,f-signal
250629642,24594372903,29.09.2021 18:43:27,1632930207963,BTCUSD_PERP,SELL,41819.9,5,209099.5,-0.0000392,BTC,0.00000597,BTC,5,,f-signal
250678453,24606744875,29.09.2021 20:30:03,1632936603319,BTCUSD_PERP,BUY,41498,100,4149800,0,BTC,0.00002409,BTC,5,,f-signal
250700179,24610473569,29.09.2021 21:08:10,1632938890890,BTCUSD_PERP,BUY,41189.6,100,4118960,0,BTC,0.00012138,BTC,5,,f-signal
250764936,24616591169,29.09.2021 23:34:48,1632947688402,BTCUSD_PERP,BUY,40999.7,134,5493959.8,0,BTC,0.00016341,BTC,5,,f-signal
250764937,24616591169,29.09.2021 23:34:48,1632947688402,BTCUSD_PERP,BUY,40999.7,166,6805950.200000000,0,BTC,0.00020244,BTC,5,,f-signal
250957782,24647469396,30.09.2021 06:03:55,1632971035350,BTCUSD_PERP,SELL,43294.2,251,10866844.2,0.02495949,BTC,0.00028987,BTC,5,,f-signal
250957783,24647469396,30.09.2021 06:03:55,1632971035350,BTCUSD_PERP,SELL,43294.2,3,129882.60000000000,0.00029832,BTC,0.00000346,BTC,5,,f-signal
250957784,24647469396,30.09.2021 06:03:55,1632971035350,BTCUSD_PERP,SELL,43294.2,206,8918605.2,0.02048468,BTC,0.0002379,BTC,5,,f-signal
251043176,24677536964,30.09.2021 10:04:03,1632985443852,BTCUSD_PERP,SELL,43406.5,250,10851625,0.026354,BTC,0.00028797,BTC,5,,f-signal
251043177,24677536964,30.09.2021 10:04:03,1632985443852,BTCUSD_PERP,SELL,43406.5,210,9115365,0.02213736,BTC,0.00024189,BTC,5,,f-signal
251100002,24691207749,30.09.2021 11:48:00,1632991680000,BTCUSD_PERP,BUY,42948.8,5,214744,0,BTC,0.00000582,BTC,5,,f-signal
251100003,24691207749,30.09.2021 11:48:00,1632991680000,BTCUSD_PERP,BUY,42948.8,295,12669896,0,BTC,0.00034343,BTC,5,,f-signal
251100542,24691233925,30.09.2021 11:49:59,1632991799367,BTCUSD_PERP,BUY,42900,3,128700,0,BTC,6.9E-07,BTC,5,,f-signal
251100543,24691233925,30.09.2021 11:49:59,1632991799895,BTCUSD_PERP,BUY,42900,13,557700,0,BTC,0.00000303,BTC,5,,f-signal
251100545,24691233925,30.09.2021 11:50:00,1632991800156,BTCUSD_PERP,BUY,42900,5,214500,0,BTC,0.00000116,BTC,5,,f-signal
251100546,24691233925,30.09.2021 11:50:00,1632991800255,BTCUSD_PERP,BUY,42900,79,3389100,0,BTC,0.00001841,BTC,5,,f-signal
251141955,24698619610,30.09.2021 13:32:31,1632997951631,BTCUSD_PERP,SELL,42940,54,2318760,0.00000998,BTC,0.00006287,BTC,5,,f-signal
251141956,24698619610,30.09.2021 13:32:31,1632997951631,BTCUSD_PERP,SELL,42939.7,40,1717588,0.00000674,BTC,0.00004657,BTC,5,,f-signal
251141957,24698619610,30.09.2021 13:32:31,1632997951631,BTCUSD_PERP,SELL,42939.7,306,13139548.2,0.00005162,BTC,0.00035631,BTC,5,,f-signal
251493127,24787876896,30.09.2021 23:41:30,1633034490947,BTCUSD_PERP,BUY,43300,182,7880600,0,BTC,0.00004203,BTC,5,,f-signal
251493128,24787876896,30.09.2021 23:41:30,1633034490955,BTCUSD_PERP,BUY,43300,12,519600,0,BTC,0.00000277,BTC,5,,f-signal
251493129,24787876896,30.09.2021 23:41:30,1633034490956,BTCUSD_PERP,BUY,43300,12,519600,0,BTC,0.00000277,BTC,5,,f-signal
251493130,24787876896,30.09.2021 23:41:30,1633034490959,BTCUSD_PERP,BUY,43300,3,129900,0,BTC,6.9E-07,BTC,5,,f-signal
251493131,24787876896,30.09.2021 23:41:30,1633034490961,BTCUSD_PERP,BUY,43300,12,519600,0,BTC,0.00000277,BTC,5,,f-signal
251493132,24787876896,30.09.2021 23:41:31,1633034491121,BTCUSD_PERP,BUY,43300,10,433000,0,BTC,0.0000023,BTC,5,,f-signal
251493133,24787876896,30.09.2021 23:41:31,1633034491376,BTCUSD_PERP,BUY,43300,30,1299000,0,BTC,0.00000692,BTC,5,,f-signal
251493134,24787876896,30.09.2021 23:41:32,1633034492102,BTCUSD_PERP,BUY,43300,39,1688700,0,BTC,0.000009,BTC,5,,f-signal
251497366,24787884836,30.09.2021 23:44:20,1633034660673,BTCUSD_PERP,BUY,43100,200,8620000,0,BTC,0.0000464,BTC,5,,f-signal
251741785,24849154646,01.10.2021 10:26:44,1633073204402,BTCUSD_PERP,SELL,44520.4,6,267122.4,0.00040556,BTC,0.00000673,BTC,5,,f-signal
251741786,24849154646,01.10.2021 10:26:44,1633073204403,BTCUSD_PERP,SELL,44520.1,23,1023962.3000000000,0.00155431,BTC,0.00002583,BTC,5,,f-signal
251741787,24849154646,01.10.2021 10:26:44,1633073204403,BTCUSD_PERP,SELL,44520.1,131,5832133.1,0.00885286,BTC,0.00014712,BTC,5,,f-signal
251782901,24849281543,01.10.2021 11:12:05,1633075925659,BTCUSD_PERP,SELL,44900,170,7633000,0.01471928,BTC,0.00003786,BTC,5,,f-signal
251786863,24855996526,01.10.2021 11:14:58,1633076098680,BTCUSD_PERP,SELL,44818.8,10,448188,0.00082548,BTC,0.00001115,BTC,5,,f-signal
251786864,24855996526,01.10.2021 11:14:58,1633076098680,BTCUSD_PERP,SELL,44818.8,11,493006.80000000000,0.00090803,BTC,0.00001227,BTC,5,,f-signal
251786865,24855996526,01.10.2021 11:14:58,1633076098680,BTCUSD_PERP,SELL,44818.8,1,44818.8,0.00008254,BTC,0.00000111,BTC,5,,f-signal
251786866,24855996526,01.10.2021 11:14:58,1633076098680,BTCUSD_PERP,SELL,44818.8,148,6633182.4,0.01221725,BTC,0.0001651,BTC,5,,f-signal
218884168,16639811338,01.10.2021 13:31:28,1633084288285,ETHUSD_PERP,SELL,3184.99,81,257984.19000000000,-0.02056786,ETH,0.00012715,ETH,3,,f-classic
218884169,16639811338,01.10.2021 13:31:28,1633084288285,ETHUSD_PERP,SELL,3184.99,81,257984.19000000000,-0.02056786,ETH,0.00012715,ETH,3,,f-classic
218884170,16639811338,01.10.2021 13:31:28,1633084288285,ETHUSD_PERP,SELL,3184.99,1260,4013087.4,-0.31994449,ETH,0.00197802,ETH,3,,f-classic
218884171,16639811338,01.10.2021 13:31:28,1633084288285,ETHUSD_PERP,SELL,3184.99,81,257984.19000000000,-0.02056786,ETH,0.00012715,ETH,3,,f-classic
218884172,16639811338,01.10.2021 13:31:28,1633084288285,ETHUSD_PERP,SELL,3184.99,82,261169.18,-0.02082178,ETH,0.00012872,ETH,3,,f-classic
218884173,16639811338,01.10.2021 13:31:28,1633084288285,ETHUSD_PERP,SELL,3184.99,82,261169.18,-0.02082178,ETH,0.00012872,ETH,3,,f-classic
218884174,16639811338,01.10.2021 13:31:28,1633084288285,ETHUSD_PERP,SELL,3184.99,432,1375915.68,-0.10969525,ETH,0.00067818,ETH,3,,f-classic
218884175,16639811338,01.10.2021 13:31:28,1633084288285,ETHUSD_PERP,SELL,3184.99,1076,3427049.2400000000,-0.27322244,ETH,0.00168917,ETH,3,,f-classic
218946265,16641339516,01.10.2021 13:44:18,1633085058943,ETHUSD_PERP,SELL,3245.43,636,2064093.48,-0.12430792,ETH,0.00097983,ETH,3,,f-classic
218946266,16641339516,01.10.2021 13:44:18,1633085058943,ETHUSD_PERP,SELL,3245.43,91,295334.13,-0.01778619,ETH,0.00014019,ETH,3,,f-classic
218946267,16641339516,01.10.2021 13:44:18,1633085058943,ETHUSD_PERP,SELL,3245.43,156,506287.08000000000,-0.03049062,ETH,0.00024033,ETH,3,,f-classic
218946268,16641339516,01.10.2021 13:44:18,1633085058943,ETHUSD_PERP,SELL,3245.43,99,321297.57,-0.01934981,ETH,0.00015252,ETH,3,,f-classic
218946269,16641339516,01.10.2021 13:44:18,1633085058943,ETHUSD_PERP,SELL,3245.43,523,1697359.89,-0.10222177,ETH,0.00080574,ETH,3,,f-classic
218946270,16641339516,01.10.2021 13:44:18,1633085058943,ETHUSD_PERP,SELL,3245.43,250,811357.5,-0.04886317,ETH,0.00038515,ETH,3,,f-classic
218946271,16641339516,01.10.2021 13:44:18,1633085058943,ETHUSD_PERP,SELL,3245.43,400,1298172,-0.07818108,ETH,0.00061625,ETH,3,,f-classic
218946272,16641339516,01.10.2021 13:44:18,1633085058943,ETHUSD_PERP,SELL,3245.43,400,1298172,-0.07818108,ETH,0.00061625,ETH,3,,f-classic
218946273,16641339516,01.10.2021 13:44:18,1633085058943,ETHUSD_PERP,SELL,3245.43,500,1622715,-0.09772635,ETH,0.00077031,ETH,3,,f-classic
218946274,16641339516,01.10.2021 13:44:18,1633085058943,ETHUSD_PERP,SELL,3245.36,1500,4868040,-0.29327876,ETH,0.00231099,ETH,3,,f-classic
218946275,16641339516,01.10.2021 13:44:18,1633085058943,ETHUSD_PERP,SELL,3245.24,1,3245.24,-0.00019563,ETH,0.00000154,ETH,3,,f-classic
218946276,16641339516,01.10.2021 13:44:18,1633085058943,ETHUSD_PERP,SELL,3245.08,206,668486.48,-0.04033172,ETH,0.0003174,ETH,3,,f-classic
218976377,16642509286,01.10.2021 13:54:16,1633085656602,ETHUSD_PERP,BUY,3213.81,100,321381,0,ETH,0.00015557,ETH,3,,f-classic
218976378,16642509286,01.10.2021 13:54:16,1633085656602,ETHUSD_PERP,BUY,3213.81,100,321381,0,ETH,0.00015557,ETH,3,,f-classic
221949539,17060678374,05.10.2021 21:36:16,1633458976405,ETHUSD_PERP,SELL,3460,654,2262840,0.00309193,ETH,0.00018901,ETH,3,,f-classic
221949540,17060678374,05.10.2021 21:36:16,1633458976471,ETHUSD_PERP,SELL,3460,200,692000,0.00094554,ETH,0.0000578,ETH,3,,f-classic
221949541,17060678374,05.10.2021 21:36:16,1633458976480,ETHUSD_PERP,SELL,3460,100,346000,0.00047277,ETH,0.0000289,ETH,3,,f-classic
221949542,17060678374,05.10.2021 21:36:16,1633458976481,ETHUSD_PERP,SELL,3460,500,1730000,0.00236386,ETH,0.0001445,ETH,3,,f-classic
221949543,17060678374,05.10.2021 21:36:16,1633458976482,ETHUSD_PERP,SELL,3460,500,1730000,0.00236386,ETH,0.0001445,ETH,3,,f-classic
221949544,17060678374,05.10.2021 21:36:16,1633458976483,ETHUSD_PERP,SELL,3460,3009,10411140,0.01422575,ETH,0.00086965,ETH,3,,f-classic
221956247,17062802172,05.10.2021 22:00:48,1633460448790,ETHUSD_PERP,SELL,3457.55,300,1037265,0,ETH,0.00043383,ETH,3,,f-classic
221968918,17064201147,05.10.2021 22:17:54,1633461474708,ETHUSD_PERP,SELL,3475,200,695000,0,ETH,0.00005755,ETH,3,,f-classic
221975291,17065332939,05.10.2021 22:34:46,1633462486328,ETHUSD_PERP,SELL,3470,500,1735000,0,ETH,0.00014409,ETH,3,,f-classic
221981055,17064235814,05.10.2021 22:50:07,1633463407954,ETHUSD_PERP,SELL,3480,500,1740000,0,ETH,0.00014367,ETH,3,,f-classic
221996005,17067494723,05.10.2021 23:00:04,1633464004193,ETHUSD_PERP,SELL,3497.96,500,1748980,0,ETH,0.00014294,ETH,3,,f-classic
222003830,17068527345,05.10.2021 23:11:34,1633464694972,ETHUSD_PERP,SELL,3497.51,200,699502,0,ETH,0.00028591,ETH,3,,f-classic
222004112,17068486031,05.10.2021 23:12:36,1633464756563,ETHUSD_PERP,SELL,3500.23,200,700046,0,ETH,0.00005713,ETH,3,,f-classic
222014951,17069395283,05.10.2021 23:21:05,1633465265666,ETHUSD_PERP,SELL,3525,100,352500,0,ETH,0.00002836,ETH,3,,f-classic
222014952,17069395283,05.10.2021 23:21:05,1633465265666,ETHUSD_PERP,SELL,3525,100,352500,0,ETH,0.00002836,ETH,3,,f-classic
222018211,17069768473,05.10.2021 23:24:54,1633465494629,ETHUSD_PERP,SELL,3516.39,200,703278,0,ETH,0.00028438,ETH,3,,f-classic
222025780,17070806234,05.10.2021 23:37:00,1633466220322,ETHUSD_PERP,SELL,3506.86,200,701372,0,ETH,0.00028515,ETH,3,,f-classic
222078599,17075162647,06.10.2021 01:40:39,1633473639894,ETHUSD_PERP,SELL,3530,200,706000,0,ETH,0.00005665,ETH,3,,f-classic
222120482,17080479778,06.10.2021 03:23:48,1633479828596,ETHUSD_PERP,SELL,3524.5,64,225568,0,ETH,0.00009079,ETH,3,,f-classic
222120483,17080479778,06.10.2021 03:23:48,1633479828596,ETHUSD_PERP,SELL,3524.5,236,831782,0,ETH,0.00033479,ETH,3,,f-classic
222273005,17112564426,06.10.2021 10:38:04,1633505884166,ETHUSD_PERP,BUY,3456.83,11,38025.13,0.0003367,ETH,0.00001591,ETH,3,,f-classic
222273006,17112564426,06.10.2021 10:38:04,1633505884166,ETHUSD_PERP,BUY,3456.83,3489,12060879.87,0.10679715,ETH,0.00504653,ETH,3,,f-classic
222281102,17112891851,06.10.2021 11:02:48,1633507368132,ETHUSD_PERP,BUY,3450,1000,3450000,0,ETH,0.00028985,ETH,3,,f-classic
222294354,17115457660,06.10.2021 11:20:35,1633508435059,ETHUSD_PERP,BUY,3430,858,2942940,0,ETH,0.00025014,ETH,3,,f-classic
222294355,17115457660,06.10.2021 11:20:35,1633508435059,ETHUSD_PERP,BUY,3430,142,487060,0,ETH,0.00004139,ETH,3,,f-classic
222316918,17116857253,06.10.2021 11:29:36,1633508976849,ETHUSD_PERP,BUY,3400.09,1000,3400090,0,ETH,0.00147054,ETH,3,,f-classic
222319126,17117042374,06.10.2021 11:31:27,1633509087650,ETHUSD_PERP,BUY,3393.95,480,1629096,0,ETH,0.00070714,ETH,3,,f-classic
222319127,17117042374,06.10.2021 11:31:27,1633509087650,ETHUSD_PERP,BUY,3393.95,20,67879,0,ETH,0.00002946,ETH,3,,f-classic
222335647,17117907034,06.10.2021 11:39:44,1633509584056,ETHUSD_PERP,BUY,3374.24,100,337424,0,ETH,0.00014818,ETH,3,,f-classic
222335648,17117907034,06.10.2021 11:39:44,1633509584056,ETHUSD_PERP,BUY,3374.24,100,337424,0,ETH,0.00014818,ETH,3,,f-classic
222349811,17119514840,06.10.2021 11:57:34,1633510654948,ETHUSD_PERP,BUY,3382.29,200,676458,0,ETH,0.00029565,ETH,3,,f-classic
222351673,17119744483,06.10.2021 12:00:15,1633510815327,ETHUSD_PERP,BUY,3373.17,72,242868.24,0,ETH,0.00010672,ETH,3,,f-classic
222351674,17119744483,06.10.2021 12:00:15,1633510815327,ETHUSD_PERP,BUY,3373.17,228,769082.76,0,ETH,0.00033796,ETH,3,,f-classic
222403602,17125205328,06.10.2021 13:05:55,1633514755168,ETHUSD_PERP,BUY,3354.07,100,335407,0,ETH,0.00014907,ETH,3,,f-classic
222421882,17126344796,06.10.2021 13:36:01,1633516561197,ETHUSD_PERP,BUY,3389.53,200,677906,0,ETH,0.00029502,ETH,3,,f-classic
247862026,18770181584,06.11.2021 13:54:20,1636196060205,ETHUSD_PERP,BUY,4398,500,2199000,0,ETH,0.00011368,ETH,3,,f-classic
255425743,18514304589,16.11.2021 13:13:19,1637057599878,ETHUSD_PERP,BUY,4101,1500,6151500,0,ETH,0.00036576,ETH,3,,f-classic
293905525,29630050048,18.11.2021 20:05:07,1637255107351,BTCUSD_PERP,BUY,57245.9,96,5495606.4,0,BTC,0.00008384,BTC,5,,f-signal
293905526,29630050048,18.11.2021 20:05:07,1637255107351,BTCUSD_PERP,BUY,57245.9,240,13739016,0,BTC,0.00020962,BTC,5,,f-signal
293905527,29630050048,18.11.2021 20:05:07,1637255107351,BTCUSD_PERP,BUY,57245.9,100,5724590,0,BTC,0.00008734,BTC,5,,f-signal
293905528,29630050048,18.11.2021 20:05:07,1637255107351,BTCUSD_PERP,BUY,57245.9,240,13739016,0,BTC,0.00020962,BTC,5,,f-signal
293905529,29630050048,18.11.2021 20:05:07,1637255107351,BTCUSD_PERP,BUY,57245.9,198,11334688.200000000,0,BTC,0.00017293,BTC,5,,f-signal
293905530,29630050048,18.11.2021 20:05:07,1637255107351,BTCUSD_PERP,BUY,57245.9,100,5724590,0,BTC,0.00008734,BTC,5,,f-signal
293905531,29630050048,18.11.2021 20:05:07,1637255107351,BTCUSD_PERP,BUY,57245.9,26,1488393.4000000000,0,BTC,0.0000227,BTC,5,,f-signal
293985756,29634231774,18.11.2021 20:24:55,1637256295255,BTCUSD_PERP,SELL,57691.8,154,8884537.200000000,0.00207921,BTC,0.00002669,BTC,5,,f-signal
293985757,29634231774,18.11.2021 20:24:55,1637256295268,BTCUSD_PERP,SELL,57691.8,10,576918,0.00013501,BTC,0.00000173,BTC,5,,f-signal
293985758,29634231774,18.11.2021 20:24:55,1637256295269,BTCUSD_PERP,SELL,57691.8,9,519226.2,0.00012151,BTC,0.00000156,BTC,5,,f-signal
293985759,29634231774,18.11.2021 20:24:55,1637256295276,BTCUSD_PERP,SELL,57691.8,8,461534.4,0.00010801,BTC,0.00000138,BTC,5,,f-signal
293985760,29634231774,18.11.2021 20:24:55,1637256295285,BTCUSD_PERP,SELL,57691.8,58,3346124.4000000000,0.00078308,BTC,0.00001005,BTC,5,,f-signal
293985761,29634231774,18.11.2021 20:24:55,1637256295287,BTCUSD_PERP,SELL,57691.8,174,10038373.200000000,0.00234924,BTC,0.00003016,BTC,5,,f-signal
293985762,29634231774,18.11.2021 20:24:55,1637256295292,BTCUSD_PERP,SELL,57691.8,26,1499986.8,0.00035103,BTC,0.0000045,BTC,5,,f-signal
293985763,29634231774,18.11.2021 20:24:55,1637256295297,BTCUSD_PERP,SELL,57691.8,12,692301.6000000000,0.00016201,BTC,0.00000208,BTC,5,,f-signal
293985764,29634231774,18.11.2021 20:24:55,1637256295303,BTCUSD_PERP,SELL,57691.8,10,576918,0.00013501,BTC,0.00000173,BTC,5,,f-signal
293985765,29634231774,18.11.2021 20:24:55,1637256295312,BTCUSD_PERP,SELL,57691.8,9,519226.2,0.00012151,BTC,0.00000156,BTC,5,,f-signal
293985766,29634231774,18.11.2021 20:24:55,1637256295317,BTCUSD_PERP,SELL,57691.8,30,1730754,0.00040504,BTC,0.0000052,BTC,5,,f-signal
294247213,29634372145,19.11.2021 01:08:07,1637273287743,BTCUSD_PERP,SELL,57250,330,18892500,0.00004128,BTC,0.0002882,BTC,5,,f-signal
294247214,29634372145,19.11.2021 01:08:07,1637273287743,BTCUSD_PERP,SELL,57250,22,1259500,0.00000275,BTC,0.00001921,BTC,5,,f-signal
294247215,29634372145,19.11.2021 01:08:07,1637273287743,BTCUSD_PERP,SELL,57250,8,458000,0.000001,BTC,0.00000698,BTC,5,,f-signal
294247216,29634372145,19.11.2021 01:08:07,1637273287743,BTCUSD_PERP,SELL,57249.5,30,1717485,0.00000329,BTC,0.0000262,BTC,5,,f-signal
294247217,29634372145,19.11.2021 01:08:07,1637273287743,BTCUSD_PERP,SELL,57249,1,57249,9E-08,BTC,8.7E-07,BTC,5,,f-signal
294247218,29634372145,19.11.2021 01:08:07,1637273287743,BTCUSD_PERP,SELL,57248.7,109,6240108.3,0.00000931,BTC,0.00009519,BTC,5,,f-signal
294592787,29668041713,19.11.2021 05:43:44,1637289824352,BTCUSD_PERP,BUY,56400,500,28200000,0,BTC,0.00008865,BTC,5,,f-signal
294622180,29668067898,19.11.2021 05:52:44,1637290364130,BTCUSD_PERP,BUY,56100,500,28050000,0,BTC,0.00008912,BTC,5,,f-signal
294711453,29668094259,19.11.2021 06:41:43,1637293303190,BTCUSD_PERP,BUY,55800,500,27900000,0,BTC,0.0000896,BTC,5,,f-signal
296796006,29955792425,22.11.2021 03:15:03,1637540103217,BTCUSD_PERP,SELL,58100,6,348600,0.00036836,BTC,0.00000516,BTC,5,,f-signal
296796007,29955792425,22.11.2021 03:15:03,1637540103217,BTCUSD_PERP,SELL,58100,581,33756100,0.03567036,BTC,0.0005,BTC,5,,f-signal
296796008,29955792425,22.11.2021 03:15:03,1637540103217,BTCUSD_PERP,SELL,58100,300,17430000,0.01841843,BTC,0.00025817,BTC,5,,f-signal
296796009,29955792425,22.11.2021 03:15:03,1637540103217,BTCUSD_PERP,SELL,58100,11,639100,0.00067534,BTC,0.00000946,BTC,5,,f-signal
296796010,29955792425,22.11.2021 03:15:03,1637540103217,BTCUSD_PERP,SELL,58100,10,581000,0.00061394,BTC,0.0000086,BTC,5,,f-signal
296796011,29955792425,22.11.2021 03:15:03,1637540103217,BTCUSD_PERP,SELL,58100,210,12201000,0.0128929,BTC,0.00018072,BTC,5,,f-signal
296796012,29955792425,22.11.2021 03:15:03,1637540103217,BTCUSD_PERP,SELL,58100,4,232400,0.00024557,BTC,0.00000344,BTC,5,,f-signal
296796013,29955792425,22.11.2021 03:15:03,1637540103217,BTCUSD_PERP,SELL,58100,11,639100,0.00067534,BTC,0.00000946,BTC,5,,f-signal
296796014,29955792425,22.11.2021 03:15:03,1637540103217,BTCUSD_PERP,SELL,58100,8,464800,0.00049115,BTC,0.00000688,BTC,5,,f-signal
296796015,29955792425,22.11.2021 03:15:03,1637540103217,BTCUSD_PERP,SELL,58100,1,58100,0.00006139,BTC,8.6E-07,BTC,5,,f-signal
296796016,29955792425,22.11.2021 03:15:03,1637540103217,BTCUSD_PERP,SELL,58100,25,1452500,0.00153486,BTC,0.00002151,BTC,5,,f-signal
296796017,29955792425,22.11.2021 03:15:03,1637540103217,BTCUSD_PERP,SELL,58100,10,581000,0.00061394,BTC,0.0000086,BTC,5,,f-signal
296796018,29955792425,22.11.2021 03:15:03,1637540103217,BTCUSD_PERP,SELL,58100,100,5810000,0.00613947,BTC,0.00008605,BTC,5,,f-signal
296796019,29955792425,22.11.2021 03:15:03,1637540103217,BTCUSD_PERP,SELL,58100,60,3486000,0.00368368,BTC,0.00005163,BTC,5,,f-signal
296796020,29955792425,22.11.2021 03:15:03,1637540103217,BTCUSD_PERP,SELL,58100,1,58100,0.00006139,BTC,8.6E-07,BTC,5,,f-signal
296796021,29955792425,22.11.2021 03:15:03,1637540103217,BTCUSD_PERP,SELL,58100,2,116200,0.00012278,BTC,0.00000172,BTC,5,,f-signal
296796022,29955792425,22.11.2021 03:15:03,1637540103217,BTCUSD_PERP,SELL,58100,10,581000,0.00061394,BTC,0.0000086,BTC,5,,f-signal
296796023,29955792425,22.11.2021 03:15:03,1637540103217,BTCUSD_PERP,SELL,58100,5,290500,0.00030697,BTC,0.0000043,BTC,5,,f-signal
296796024,29955792425,22.11.2021 03:15:03,1637540103217,BTCUSD_PERP,SELL,58100,1,58100,0.00006139,BTC,8.6E-07,BTC,5,,f-signal
296796025,29955792425,22.11.2021 03:15:03,1637540103217,BTCUSD_PERP,SELL,58100,144,8366400,0.00884084,BTC,0.00012392,BTC,5,,f-signal
297961242,30134486304,22.11.2021 22:50:39,1637610639141,BTCUSD_PERP,BUY,56000,86,4816000,0,BTC,0.00001535,BTC,5,,f-signal
297961243,30134486304,22.11.2021 22:50:39,1637610639146,BTCUSD_PERP,BUY,56000,349,19544000,0,BTC,0.00006232,BTC,5,,f-signal
297961244,30134486304,22.11.2021 22:50:39,1637610639148,BTCUSD_PERP,BUY,56000,65,3640000,0,BTC,0.0000116,BTC,5,,f-signal
298609033,30136826458,23.11.2021 12:37:59,1637660279076,BTCUSD_PERP,BUY,55500,250,13875000,0,BTC,0.00004504,BTC,5,,f-signal
300847912,30591927805,25.11.2021 19:21:56,1637857316896,BTCUSD_PERP,SELL,59400,125,7425000,0.01344688,BTC,0.00002104,BTC,5,,f-signal
300847913,30591927805,25.11.2021 19:21:56,1637857316981,BTCUSD_PERP,SELL,59400,107,6355800,0.01151053,BTC,0.00001801,BTC,5,,f-signal
300847914,30591927805,25.11.2021 19:21:57,1637857317055,BTCUSD_PERP,SELL,59400,518,30769200,0.0557239,BTC,0.0000872,BTC,5,,f-signal
301192595,30594470654,26.11.2021 08:16:59,1637903819616,BTCUSD_PERP,BUY,57600,126,7257600,0,BTC,0.00002187,BTC,5,,f-signal
301192927,30594470654,26.11.2021 08:17:08,1637903828544,BTCUSD_PERP,BUY,57600,124,7142400,0,BTC,0.00002152,BTC,5,,f-signal
301252130,30594558084,26.11.2021 10:30:48,1637911848158,BTCUSD_PERP,BUY,57400,300,17220000,0,BTC,0.00005226,BTC,5,,f-signal
301265867,30594556896,26.11.2021 10:38:39,1637912319460,BTCUSD_PERP,BUY,57200,236,13499200,0,BTC,0.00004125,BTC,5,,f-signal
301265868,30594556896,26.11.2021 10:38:39,1637912319461,BTCUSD_PERP,BUY,57200,264,15100800,0,BTC,0.00004615,BTC,5,,f-signal
301306025,30651013921,26.11.2021 10:54:34,1637913274633,BTCUSD_PERP,BUY,56750.6,250,14187650,0,BTC,0.00004405,BTC,5,,f-signal
301531192,30068402703,26.11.2021 11:37:43,1637915863422,BTCUSD_PERP,BUY,54900,500,27450000,0,BTC,0.00009107,BTC,5,,f-signal
301845435,30669173821,26.11.2021 13:22:57,1637922177984,BTCUSD_PERP,BUY,54800,200,10960000,0,BTC,0.00003649,BTC,5,,f-signal
304496730,31050586945,29.11.2021 18:55:47,1638201347740,BTCUSD_PERP,SELL,57033,2000,114066000,0.04029431,BTC,0.00035067,BTC,5,,f-signal
305711608,31186282655,30.11.2021 19:13:02,1638288782457,BTCUSD_PERP,BUY,56900,500,28450000,0,BTC,0.00008787,BTC,5,,f-signal
305722333,31218035544,30.11.2021 19:15:25,1638288925795,BTCUSD_PERP,BUY,56700,172,9752400,0,BTC,0.00003033,BTC,5,,f-signal
305722334,31218035544,30.11.2021 19:15:25,1638288925797,BTCUSD_PERP,BUY,56700,9,510300,0,BTC,0.00000158,BTC,5,,f-signal
305722335,31218035544,30.11.2021 19:15:25,1638288925799,BTCUSD_PERP,BUY,56700,74,4195800,0,BTC,0.00001305,BTC,5,,f-signal
305722336,31218035544,30.11.2021 19:15:25,1638288925839,BTCUSD_PERP,BUY,56700,245,13891500,0,BTC,0.0000432,BTC,5,,f-signal
306627977,31374744891,01.12.2021 17:44:57,1638369897119,BTCUSD_PERP,SELL,58612.4,250,14653100,0.0136113,BTC,0.00021326,BTC,5,,f-signal
306697117,31374837681,01.12.2021 19:08:01,1638374881197,BTCUSD_PERP,SELL,58900,250,14725000,0.01569399,BTC,0.00021222,BTC,5,,f-signal
306700373,31388326358,01.12.2021 19:10:00,1638375000848,BTCUSD_PERP,SELL,58937.4,375,22101525,0.023945,BTC,0.00006362,BTC,5,,f-signal
306774949,31400794561,01.12.2021 21:08:31,1638382111797,BTCUSD_PERP,SELL,57804.5,26,1502917,0.00079559,BTC,0.00002248,BTC,5,,f-signal
306774950,31400794561,01.12.2021 21:08:31,1638382111797,BTCUSD_PERP,SELL,57804.4,99,5722635.600000000,0.00302907,BTC,0.00008563,BTC,5,,f-signal
306807360,31407788248,01.12.2021 21:54:19,1638384859153,BTCUSD_PERP,BUY,57500,250,14375000,0,BTC,0.00004347,BTC,5,,f-signal
306818683,31411054256,01.12.2021 22:08:50,1638385730979,BTCUSD_PERP,BUY,57337.9,58,3325598.2,0,BTC,0.00005057,BTC,5,,f-signal
306818684,31411054256,01.12.2021 22:08:50,1638385730979,BTCUSD_PERP,BUY,57337.9,99,5676452.100000000,0,BTC,0.00008633,BTC,5,,f-signal
306818685,31411054256,01.12.2021 22:08:50,1638385730979,BTCUSD_PERP,BUY,57337.9,93,5332424.7,0,BTC,0.00008109,BTC,5,,f-signal
306865481,31411766298,01.12.2021 23:25:22,1638390322644,BTCUSD_PERP,BUY,57000,202,11514000,0,BTC,0.00003543,BTC,5,,f-signal
306865482,31411766298,01.12.2021 23:25:22,1638390322652,BTCUSD_PERP,BUY,57000,15,855000,0,BTC,0.00000263,BTC,5,,f-signal
306865483,31411766298,01.12.2021 23:25:22,1638390322678,BTCUSD_PERP,BUY,57000,33,1881000,0,BTC,0.00000578,BTC,5,,f-signal
307378882,31507502648,02.12.2021 14:13:50,1638443630694,BTCUSD_PERP,BUY,56200,250,14050000,0,BTC,0.00004448,BTC,5,,f-signal
308631060,31704255678,03.12.2021 20:06:23,1638551183569,BTCUSD_PERP,BUY,54963,80,4397040,0,BTC,0.00007277,BTC,5,,f-signal
308631061,31704255678,03.12.2021 20:06:23,1638551183569,BTCUSD_PERP,BUY,54963,100,5496300,0,BTC,0.00009097,BTC,5,,f-signal
308631062,31704255678,03.12.2021 20:06:23,1638551183569,BTCUSD_PERP,BUY,54963,20,1099260,0,BTC,0.00001819,BTC,5,,f-signal
308842274,31563393591,03.12.2021 22:41:51,1638560511539,BTCUSD_PERP,BUY,53800,250,13450000,0,BTC,0.00004646,BTC,5,,f-signal
308975152,30916185759,03.12.2021 23:18:48,1638562728945,BTCUSD_PERP,BUY,53000,34,1802000,0,BTC,0.00000641,BTC,5,,f-signal
308975153,30916185759,03.12.2021 23:18:48,1638562728945,BTCUSD_PERP,BUY,53000,1,53000,0,BTC,1.8E-07,BTC,5,,f-signal
308975154,30916185759,03.12.2021 23:18:48,1638562728945,BTCUSD_PERP,BUY,53000,20,1060000,0,BTC,0.00000377,BTC,5,,f-signal
308975155,30916185759,03.12.2021 23:18:48,1638562728945,BTCUSD_PERP,BUY,53000,9,477000,0,BTC,0.00000169,BTC,5,,f-signal
308975156,30916185759,03.12.2021 23:18:48,1638562728945,BTCUSD_PERP,BUY,53000,5,265000,0,BTC,9.4E-07,BTC,5,,f-signal
308975157,30916185759,03.12.2021 23:18:48,1638562728945,BTCUSD_PERP,BUY,53000,1,53000,0,BTC,1.8E-07,BTC,5,,f-signal
308975158,30916185759,03.12.2021 23:18:48,1638562728946,BTCUSD_PERP,BUY,53000,2,106000,0,BTC,3.7E-07,BTC,5,,f-signal
308975159,30916185759,03.12.2021 23:18:48,1638562728946,BTCUSD_PERP,BUY,53000,1,53000,0,BTC,1.8E-07,BTC,5,,f-signal
308975160,30916185759,03.12.2021 23:18:48,1638562728946,BTCUSD_PERP,BUY,53000,10,530000,0,BTC,0.00000188,BTC,5,,f-signal
308975161,30916185759,03.12.2021 23:18:48,1638562728946,BTCUSD_PERP,BUY,53000,40,2120000,0,BTC,0.00000754,BTC,5,,f-signal
308975162,30916185759,03.12.2021 23:18:48,1638562728947,BTCUSD_PERP,BUY,53000,30,1590000,0,BTC,0.00000566,BTC,5,,f-signal
308975163,30916185759,03.12.2021 23:18:48,1638562728947,BTCUSD_PERP,BUY,53000,20,1060000,0,BTC,0.00000377,BTC,5,,f-signal
308975164,30916185759,03.12.2021 23:18:48,1638562728947,BTCUSD_PERP,BUY,53000,5,265000,0,BTC,9.4E-07,BTC,5,,f-signal
308975165,30916185759,03.12.2021 23:18:48,1638562728947,BTCUSD_PERP,BUY,53000,1,53000,0,BTC,1.8E-07,BTC,5,,f-signal
308975166,30916185759,03.12.2021 23:18:48,1638562728947,BTCUSD_PERP,BUY,53000,40,2120000,0,BTC,0.00000754,BTC,5,,f-signal
308975167,30916185759,03.12.2021 23:18:48,1638562728947,BTCUSD_PERP,BUY,53000,20,1060000,0,BTC,0.00000377,BTC,5,,f-signal
308975168,30916185759,03.12.2021 23:18:48,1638562728947,BTCUSD_PERP,BUY,53000,11,583000,0,BTC,0.00000207,BTC,5,,f-signal
308986369,30936051904,03.12.2021 23:18:58,1638562738838,BTCUSD_PERP,BUY,52500,250,13125000,0,BTC,0.00004761,BTC,5,,f-signal
309021132,30936071932,03.12.2021 23:19:27,1638562767529,BTCUSD_PERP,BUY,51500,250,12875000,0,BTC,0.00004854,BTC,5,,f-signal
274093910,20186313999,04.12.2021 08:21:47,1638595307132,ETHUSD_PERP,BUY,3800,500,1900000,0,ETH,0.00013157,ETH,3,,f-classic
313655657,31998164415,06.12.2021 01:07:11,1638742031848,BTCUSD_PERP,SELL,49093.3,400,19637320,-0.08457124,BTC,0.00040738,BTC,5,,f-signal
278497316,21071186460,07.12.2021 09:55:52,1638860152297,ETHUSD_PERP,SELL,4354.77,2200,9580494.000000000,1.01385669,ETH,0.00050519,ETH,3,,f-classic
321881670,33287132046,13.12.2021 16:13:23,1639401203170,BTCUSD_PERP,BUY,48450,91,4408950,0,BTC,0.00001878,BTC,5,,f-signal
321881671,33287132046,13.12.2021 16:13:23,1639401203170,BTCUSD_PERP,BUY,48450,20,969000,0,BTC,0.00000412,BTC,5,,f-signal
321881672,33287132046,13.12.2021 16:13:23,1639401203188,BTCUSD_PERP,BUY,48450,89,4312050,0,BTC,0.00001836,BTC,5,,f-signal
321882543,33287172064,13.12.2021 16:13:29,1639401209091,BTCUSD_PERP,BUY,48400,3,145200,0,BTC,6.1E-07,BTC,5,,f-signal
321882544,33287172064,13.12.2021 16:13:29,1639401209092,BTCUSD_PERP,BUY,48400,197,9534800,0,BTC,0.0000407,BTC,5,,f-signal
324558238,33709519166,15.12.2021 21:54:05,1639594445969,BTCUSD_PERP,SELL,47634.6,4,190538.4,-0.000921,BTC,0.00000419,BTC,5,,f-signal
324558239,33709519166,15.12.2021 21:54:05,1639594445969,BTCUSD_PERP,SELL,47634.5,10,476345,-0.00230256,BTC,0.00001049,BTC,5,,f-signal
324558240,33709519166,15.12.2021 21:54:05,1639594445969,BTCUSD_PERP,SELL,47634.5,81,3858394.5,-0.01865076,BTC,0.00008502,BTC,5,,f-signal
324558241,33709519166,15.12.2021 21:54:05,1639594445969,BTCUSD_PERP,SELL,47634.4,107,5096880.8,-0.0246379,BTC,0.00011231,BTC,5,,f-signal
324558242,33709519166,15.12.2021 21:54:05,1639594445969,BTCUSD_PERP,SELL,47634.4,50,2381720,-0.01151303,BTC,0.00005248,BTC,5,,f-signal
324558243,33709519166,15.12.2021 21:54:05,1639594445969,BTCUSD_PERP,SELL,47634.3,8,381074.4,-0.00184212,BTC,0.00000839,BTC,5,,f-signal
324558244,33709519166,15.12.2021 21:54:05,1639594445969,BTCUSD_PERP,SELL,47634.2,4,190536.8,-0.00092107,BTC,0.00000419,BTC,5,,f-signal
324558245,33709519166,15.12.2021 21:54:05,1639594445969,BTCUSD_PERP,SELL,47633.6,1,47633.6,-0.00023029,BTC,0.00000104,BTC,5,,f-signal
324558246,33709519166,15.12.2021 21:54:05,1639594445969,BTCUSD_PERP,SELL,47633.5,90,4287015,-0.02072703,BTC,0.00009447,BTC,5,,f-signal
324558247,33709519166,15.12.2021 21:54:05,1639594445969,BTCUSD_PERP,SELL,47633.3,45,2143498.5,-0.01036391,BTC,0.00004723,BTC,5,,f-signal
324594913,33711094524,15.12.2021 22:00:38,1639594838317,BTCUSD_PERP,BUY,47552.5,1,47552.5,0,BTC,0.00000105,BTC,5,,f-signal
324594914,33711094524,15.12.2021 22:00:38,1639594838317,BTCUSD_PERP,BUY,47552.7,1,47552.7,0,BTC,0.00000105,BTC,5,,f-signal
324594915,33711094524,15.12.2021 22:00:38,1639594838317,BTCUSD_PERP,BUY,47552.7,80,3804216,0,BTC,0.00008411,BTC,5,,f-signal
324594916,33711094524,15.12.2021 22:00:38,1639594838317,BTCUSD_PERP,BUY,47552.7,30,1426581,0,BTC,0.00003154,BTC,5,,f-signal
324594917,33711094524,15.12.2021 22:00:38,1639594838317,BTCUSD_PERP,BUY,47553.7,1,47553.7,0,BTC,0.00000105,BTC,5,,f-signal
324594918,33711094524,15.12.2021 22:00:38,1639594838317,BTCUSD_PERP,BUY,47553.8,8,380430.4,0,BTC,0.00000841,BTC,5,,f-signal
324594919,33711094524,15.12.2021 22:00:38,1639594838317,BTCUSD_PERP,BUY,47553.8,10,475538,0,BTC,0.00001051,BTC,5,,f-signal
324594920,33711094524,15.12.2021 22:00:38,1639594838317,BTCUSD_PERP,BUY,47554,10,475540,0,BTC,0.00001051,BTC,5,,f-signal
324594921,33711094524,15.12.2021 22:00:38,1639594838317,BTCUSD_PERP,BUY,47554.4,1,47554.4,0,BTC,0.00000105,BTC,5,,f-signal
324594922,33711094524,15.12.2021 22:00:38,1639594838317,BTCUSD_PERP,BUY,47554.5,8,380436,0,BTC,0.00000841,BTC,5,,f-signal
324822508,33716180637,15.12.2021 22:26:38,1639596398647,BTCUSD_PERP,BUY,48144.7,100,4814470,0,BTC,0.00010385,BTC,5,,f-signal
325125388,33729463432,16.12.2021 00:50:27,1639605027961,BTCUSD_PERP,SELL,49050,300,14715000,-0.04272466,BTC,0.00006116,BTC,5,,f-signal
325354595,33785119122,16.12.2021 10:35:36,1639640136206,BTCUSD_PERP,BUY,48900,150,7335000,0,BTC,0.00003067,BTC,5,,f-signal
325359626,33785130264,16.12.2021 10:51:15,1639641075293,BTCUSD_PERP,BUY,48800,19,927200,0,BTC,0.00000389,BTC,5,,f-signal
325359627,33785130264,16.12.2021 10:51:16,1639641076233,BTCUSD_PERP,BUY,48800,5,244000,0,BTC,0.00000102,BTC,5,,f-signal
325359628,33785130264,16.12.2021 10:51:16,1639641076671,BTCUSD_PERP,BUY,48800,20,976000,0,BTC,0.00000409,BTC,5,,f-signal
325359629,33785130264,16.12.2021 10:51:17,1639641077673,BTCUSD_PERP,BUY,48800,3,146400,0,BTC,6.1E-07,BTC,5,,f-signal
325359630,33785130264,16.12.2021 10:51:18,1639641078467,BTCUSD_PERP,BUY,48800,20,976000,0,BTC,0.00000409,BTC,5,,f-signal
325359631,33785130264,16.12.2021 10:51:18,1639641078786,BTCUSD_PERP,BUY,48800,51,2488800,0,BTC,0.00001045,BTC,5,,f-signal
325359632,33785130264,16.12.2021 10:51:20,1639641080872,BTCUSD_PERP,BUY,48800,20,976000,0,BTC,0.00000409,BTC,5,,f-signal
325359633,33785130264,16.12.2021 10:51:22,1639641082273,BTCUSD_PERP,BUY,48800,12,585600,0,BTC,0.00000245,BTC,5,,f-signal
325366865,33785141027,16.12.2021 11:12:33,1639642353011,BTCUSD_PERP,BUY,48700,150,7305000,0,BTC,0.0000308,BTC,5,,f-signal
325720702,33840210542,16.12.2021 18:44:17,1639669457215,BTCUSD_PERP,BUY,48500,100,4850000,0,BTC,0.00002061,BTC,5,,f-signal
325801370,33843369199,16.12.2021 20:07:34,1639674454294,BTCUSD_PERP,BUY,48300,12,579600,0,BTC,0.00000248,BTC,5,,f-signal
325801371,33843369199,16.12.2021 20:07:34,1639674454294,BTCUSD_PERP,BUY,48300,38,1835400,0,BTC,0.00000786,BTC,5,,f-signal
325805979,33843417063,16.12.2021 20:08:47,1639674527320,BTCUSD_PERP,BUY,48200,50,2410000,0,BTC,0.00001037,BTC,5,,f-signal
326759105,33996614944,17.12.2021 17:46:55,1639752415174,BTCUSD_PERP,SELL,45885.8,500,22942900,-0.12005044,BTC,0.00054483,BTC,5,,f-signal
333069155,34790537056,23.12.2021 10:51:22,1640245882708,BTCUSD_PERP,BUY,48102.8,100,4810280,0,BTC,0.00010394,BTC,5,,f-signal
336384229,35080884016,28.12.2021 03:10:41,1640650241995,BTCUSD_PERP,BUY,50400,100,5040000,0,BTC,0.00001984,BTC,5,,f-signal
336601195,35055713200,28.12.2021 07:18:34,1640665114428,BTCUSD_PERP,BUY,49300,37,1824100,0,BTC,0.0000075,BTC,5,,f-signal
336601196,35055713200,28.12.2021 07:18:34,1640665114428,BTCUSD_PERP,BUY,49300,10,493000,0,BTC,0.00000202,BTC,5,,f-signal
336601197,35055713200,28.12.2021 07:18:34,1640665114428,BTCUSD_PERP,BUY,49300,53,2612900,0,BTC,0.00001075,BTC,5,,f-signal
337143497,35266228958,28.12.2021 20:28:28,1640712508303,BTCUSD_PERP,BUY,48200,100,4820000,0,BTC,0.00002074,BTC,5,,f-signal
298211780,23095154404,30.12.2021 03:18:36,1640823516185,ETHUSD_PERP,BUY,3600,200,720000,0,ETH,0.00005555,ETH,3,,f-classic
342293114,33656412600,05.01.2022 23:05:31,1641413131851,BTCUSD_PERP,BUY,44000,17,748000,0,BTC,0.00000386,BTC,5,,f-signal
342293115,33656412600,05.01.2022 23:05:31,1641413131851,BTCUSD_PERP,BUY,44000,81,3564000,0,BTC,0.0000184,BTC,5,,f-signal
342293116,33656412600,05.01.2022 23:05:31,1641413131851,BTCUSD_PERP,BUY,44000,102,4488000,0,BTC,0.00002318,BTC,5,,f-signal
302261995,23095172218,06.01.2022 01:03:14,1641420194148,ETHUSD_PERP,BUY,3550,277,983350,0,ETH,0.00007802,ETH,3,,f-classic
302261996,23095172218,06.01.2022 01:03:14,1641420194162,ETHUSD_PERP,BUY,3550,23,81650,0,ETH,0.00000647,ETH,3,,f-classic
302320789,23095183834,06.01.2022 01:25:59,1641421559202,ETHUSD_PERP,BUY,3500,200,700000,0,ETH,0.00005714,ETH,3,,f-classic
302324292,23095188390,06.01.2022 01:28:10,1641421690095,ETHUSD_PERP,BUY,3490,500,1745000,0,ETH,0.00014326,ETH,3,,f-classic
342592644,34044420673,06.01.2022 01:28:48,1641421728410,BTCUSD_PERP,BUY,43000,200,8600000,0,BTC,0.00004651,BTC,5,,f-signal
302910849,23095199008,06.01.2022 11:32:17,1641457937186,ETHUSD_PERP,BUY,3400,250,850000,0,ETH,0.00007352,ETH,3,,f-classic
303945235,23669232805,07.01.2022 07:35:29,1641530129958,ETHUSD_PERP,BUY,3150,500,1575000,0,ETH,0.00015873,ETH,3,,f-classic
305568230,23819421952,08.01.2022 20:33:24,1641663204616,ETHUSD_PERP,BUY,3100,15,46500,0,ETH,0.00000483,ETH,3,,f-classic
305568231,23819421952,08.01.2022 20:33:24,1641663204616,ETHUSD_PERP,BUY,3100,2,6200,0,ETH,6.4E-07,ETH,3,,f-classic
305568232,23819421952,08.01.2022 20:33:24,1641663204616,ETHUSD_PERP,BUY,3100,15,46500,0,ETH,0.00000483,ETH,3,,f-classic
305568233,23819421952,08.01.2022 20:33:24,1641663204616,ETHUSD_PERP,BUY,3100,218,675800,0,ETH,0.00007032,ETH,3,,f-classic
306908768,23959579307,10.01.2022 17:16:04,1641824164800,ETHUSD_PERP,BUY,3000,100,300000,0,ETH,0.00003333,ETH,3,,f-classic
307921014,24109707619,11.01.2022 13:47:31,1641898051268,ETHUSD_PERP,BUY,3100,200,620000,0,ETH,0.00006451,ETH,3,,f-classic
309813071,24317337316,14.01.2022 13:25:05,1642155905118,ETHUSD_PERP,BUY,3250,200,650000,0,ETH,0.00006153,ETH,3,,f-classic
313936363,23899535685,21.01.2022 04:51:17,1642729877993,ETHUSD_PERP,BUY,2900,300,870000,0,ETH,0.00010344,ETH,3,,f-classic
352195264,36365150328,21.01.2022 05:21:01,1642731661936,BTCUSD_PERP,BUY,39500,100,3950000,0,BTC,0.00002531,BTC,5,,f-signal
314128186,23899547638,21.01.2022 06:28:18,1642735698577,ETHUSD_PERP,BUY,2850,200,570000,0,ETH,0.00007017,ETH,3,,f-classic
352296294,36365164708,21.01.2022 06:28:22,1642735702213,BTCUSD_PERP,BUY,39000,100,3900000,0,BTC,0.00002564,BTC,5,,f-signal
314627949,23899552853,21.01.2022 15:33:42,1642768422265,ETHUSD_PERP,BUY,2800,300,840000,0,ETH,0.00010714,ETH,3,,f-classic
315412547,23899564366,21.01.2022 23:15:12,1642796112199,ETHUSD_PERP,BUY,2700,200,540000,0,ETH,0.00007407,ETH,3,,f-classic
315935116,24874508180,22.01.2022 01:49:48,1642805388478,ETHUSD_PERP,BUY,2500,200,500000,0,ETH,0.00008,ETH,3,,f-classic
356952504,37946103469,24.01.2022 16:00:19,1643029219687,BTCUSD_PERP,BUY,33000,100,3300000,0,BTC,0.0000303,BTC,5,,f-signal
357943797,38399861521,25.01.2022 00:11:56,1643058716741,BTCUSD_PERP,SELL,37000,400,14800000,-0.24996119,BTC,0.0001081,BTC,5,,f-signal
323430801,25292515974,25.01.2022 00:20:04,1643059204759,ETHUSD_PERP,SELL,2460,700,1722000,-0.77686758,ETH,0.00028455,ETH,3,,f-classic